S010000047534C555F4150502E7372656399
S214482000A55AA55A01000000FFFFFFFF0040480000
S214482010FFFFFFFF00404800FFFFFFFF004048006B
S214482020FFFFFFFF0000000000404800FFFFFFFFE3
S214482030FFFFFFFFFFFFFFFFFFFFFFFFFFFFFFFF63
S214482040FFFFFFFFFFFFFFFFFFFFFFFFFFFFFFFF53
S214482050FFFFFFFFFFFFFFFFFFFFFFFFFFFFFFFF43
S214482060FFFFFFFFFFFFFFFFFFFFFFFFFFFFFFFF33
S214482070FFFFFFFFFFFFFFFFFFFFFFFFFFFFFFFF23
S214482080FFFFFFFFFFFFFFFFFFFFFFFFFFFFFFFF13
S214482090FFFFFFFFFFFFFFFFFFFFFFFFFFFFFFFF03
S2144820A0FFFFFFFFFFFFFFFFFFFFFFFFFFFFFFFFF3
S2144820B0FFFFFFFFFFFFFFFFFFFFFFFFFFFFFFFFE3
S2144820C0FFFFFFFFFFFFFFFFFFFFFFFFFFFFFFFFD3
S2144820D0FFFFFFFFFFFFFFFFFFFFFFFFFFFFFFFFC3
S2144820E0FFFFFFFFFFFFFFFFFFFFFFFFFFFFFFFFB3
S2144820F0FFFFFFFFFFFFFFFFFFFFFFFFFFFFFFFFA3
S2144821000000000000000000000000000000000082
S2144821100000000000000000000000000000000072
S2144821200000000000000000000000000000000062
S2144821300000000000000000000000000000000052
S2144821400000000000000000000000000000000042
S2144821500000000000000000000000000000000032
S2144821600000000000000000000000000000000022
S2144821700000000000000000000000000000000012
S2144821800000000000000000000000000000000002
S21448219000000000000000000000000000000000F2
S2144821A000000000000000000000000000000000E2
S2144821B000000000000000000000000000000000D2
S2144821C000000000000000000000000000000000C2
S2144821D000000000000000000000000000000000B2
S2144821E000000000000000000000000000000000A2
S2144821F00000000000000000000000000000000092
S2144822000000000000000000000000000000000081
S2144822100000000000000000000000000000000071
S2144822200000000000000000000000000000000061
S2144822300000000000000000000000000000000051
S2144822400000000000000000000000000000000041
S2144822500000000000000000000000000000000031
S2144822600000000000000000000000000000000021
S2144822700000000000000000000000000000000011
S2144822800000000000000000000000000000000001
S21448229000000000000000000000000000000000F1
S2144822A000000000000000000000000000000000E1
S2144822B000000000000000000000000000000000D1
S2144822C000000000000000000000000000000000C1
S2144822D000000000000000000000000000000000B1
S2144822E000000000000000000000000000000000A1
S2144822F00000000000000000000000000000000091
S2144823000000000000000000000000000000000080
S2144823100000000000000000000000000000000070
S2144823200000000000000000000000000000000060
S2144823300000000000000000000000000000000050
S2144823400000000000000000000000000000000040
S2144823500000000000000000000000000000000030
S2144823600000000000000000000000000000000020
S2144823700000000000000000000000000000000010
S2144823800000000000000000000000000000000000
S21448239000000000000000000000000000000000F0
S2144823A000000000000000000000000000000000E0
S2144823B000000000000000000000000000000000D0
S2144823C000000000000000000000000000000000C0
S2144823D000000000000000000000000000000000B0
S2144823E000000000000000000000000000000000A0
S2144823F00000000000000000000000000000000090
S214482400000000000000000000000000000000007F
S214482410000000000000000000000000000000006F
S214482420000000000000000000000000000000005F
S214482430000000000000000000000000000000004F
S214482440000000000000000000000000000000003F
S214482450000000000000000000000000000000002F
S214482460000000000000000000000000000000001F
S214482470000000000000000000000000000000000F
S21448248000000000000000000000000000000000FF
S21448249000000000000000000000000000000000EF
S2144824A000000000000000000000000000000000DF
S2144824B000000000000000000000000000000000CF
S2144824C000000000000000000000000000000000BF
S2144824D000000000000000000000000000000000AF
S2144824E0000000000000000000000000000000009F
S2144824F0000000000000000000000000000000008F
S214482500000000000000000000000000000000007E
S214482510000000000000000000000000000000006E
S214482520000000000000000000000000000000005E
S214482530000000000000000000000000000000004E
S214482540000000000000000000000000000000003E
S214482550000000000000000000000000000000002E
S214482560000000000000000000000000000000001E
S214482570000000000000000000000000000000000E
S21448258000000000000000000000000000000000FE
S21448259000000000000000000000000000000000EE
S2144825A000000000000000000000000000000000DE
S2144825B000000000000000000000000000000000CE
S2144825C000000000000000000000000000000000BE
S2144825D000000000000000000000000000000000AE
S2144825E0000000000000000000000000000000009E
S2144825F0000000000000000000000000000000008E
S214482600000000000000000000000000000000007D
S214482610000000000000000000000000000000006D
S214482620000000000000000000000000000000005D
S214482630000000000000000000000000000000004D
S214482640000000000000000000000000000000003D
S214482650000000000000000000000000000000002D
S214482660000000000000000000000000000000001D
S214482670000000000000000000000000000000000D
S21448268000000000000000000000000000000000FD
S21448269000000000000000000000000000000000ED
S2144826A000000000000000000000000000000000DD
S2144826B000000000000000000000000000000000CD
S2144826C000000000000000000000000000000000BD
S2144826D000000000000000000000000000000000AD
S2144826E0000000000000000000000000000000009D
S2144826F0000000000000000000000000000000008D
S214482700000000000000000000000000000000007C
S214482710000000000000000000000000000000006C
S214482720000000000000000000000000000000005C
S214482730000000000000000000000000000000004C
S214482740000000000000000000000000000000003C
S214482750000000000000000000000000000000002C
S214482760000000000000000000000000000000001C
S214482770000000000000000000000000000000000C
S21448278000000000000000000000000000000000FC
S21448279000000000000000000000000000000000EC
S2144827A000000000000000000000000000000000DC
S2144827B000000000000000000000000000000000CC
S2144827C000000000000000000000000000000000BC
S2144827D000000000000000000000000000000000AC
S2144827E0000000000000000000000000000000009C
S2144827F0000000000000000000000000000000008C
S214482800000000000000000000000000000000007B
S214482810000000000000000000000000000000006B
S214482820000000000000000000000000000000005B
S214482830000000000000000000000000000000004B
S214482840000000000000000000000000000000003B
S214482850000000000000000000000000000000002B
S214482860000000000000000000000000000000001B
S214482870000000000000000000000000000000000B
S21448288000000000000000000000000000000000FB
S21448289000000000000000000000000000000000EB
S2144828A000000000000000000000000000000000DB
S2144828B000000000000000000000000000000000CB
S2144828C000000000000000000000000000000000BB
S2144828D000000000000000000000000000000000AB
S2144828E0000000000000000000000000000000009B
S2144828F0000000000000000000000000000000008B
S214482900000000000000000000000000000000007A
S214482910000000000000000000000000000000006A
S214482920000000000000000000000000000000005A
S214482930000000000000000000000000000000004A
S214482940000000000000000000000000000000003A
S214482950000000000000000000000000000000002A
S214482960000000000000000000000000000000001A
S214482970000000000000000000000000000000000A
S21448298000000000000000000000000000000000FA
S21448299000000000000000000000000000000000EA
S2144829A000000000000000000000000000000000DA
S2144829B000000000000000000000000000000000CA
S2144829C000000000000000000000000000000000BA
S2144829D000000000000000000000000000000000AA
S2144829E0000000000000000000000000000000009A
S2144829F0000000000000000000000000000000008A
S214482A000000000000000000000000000000000079
S214482A100000000000000000000000000000000069
S214482A200000000000000000000000000000000059
S214482A300000000000000000000000000000000049
S214482A400000000000000000000000000000000039
S214482A500000000000000000000000000000000029
S214482A600000000000000000000000000000000019
S214482A700000000000000000000000000000000009
S214482A8000000000000000000000000000000000F9
S214482A9000000000000000000000000000000000E9
S214482AA000000000000000000000000000000000D9
S214482AB000000000000000000000000000000000C9
S214482AC000000000000000000000000000000000B9
S214482AD000000000000000000000000000000000A9
S214482AE00000000000000000000000000000000099
S214482AF00000000000000000000000000000000089
S214482B000000000000000000000000000000000078
S214482B100000000000000000000000000000000068
S214482B200000000000000000000000000000000058
S214482B300000000000000000000000000000000048
S214482B400000000000000000000000000000000038
S214482B500000000000000000000000000000000028
S214482B600000000000000000000000000000000018
S214482B700000000000000000000000000000000008
S214482B8000000000000000000000000000000000F8
S214482B9000000000000000000000000000000000E8
S214482BA000000000000000000000000000000000D8
S214482BB000000000000000000000000000000000C8
S214482BC000000000000000000000000000000000B8
S214482BD000000000000000000000000000000000A8
S214482BE00000000000000000000000000000000098
S214482BF00000000000000000000000000000000088
S214482C000000000000000000000000000000000077
S214482C100000000000000000000000000000000067
S214482C200000000000000000000000000000000057
S214482C300000000000000000000000000000000047
S214482C400000000000000000000000000000000037
S214482C500000000000000000000000000000000027
S214482C600000000000000000000000000000000017
S214482C700000000000000000000000000000000007
S214482C8000000000000000000000000000000000F7
S214482C9000000000000000000000000000000000E7
S214482CA000000000000000000000000000000000D7
S214482CB000000000000000000000000000000000C7
S214482CC000000000000000000000000000000000B7
S214482CD000000000000000000000000000000000A7
S214482CE00000000000000000000000000000000097
S214482CF00000000000000000000000000000000087
S214482D000000000000000000000000000000000076
S214482D100000000000000000000000000000000066
S214482D200000000000000000000000000000000056
S214482D300000000000000000000000000000000046
S214482D400000000000000000000000000000000036
S214482D500000000000000000000000000000000026
S214482D600000000000000000000000000000000016
S214482D700000000000000000000000000000000006
S214482D8000000000000000000000000000000000F6
S214482D9000000000000000000000000000000000E6
S214482DA000000000000000000000000000000000D6
S214482DB000000000000000000000000000000000C6
S214482DC000000000000000000000000000000000B6
S214482DD000000000000000000000000000000000A6
S214482DE00000000000000000000000000000000096
S214482DF00000000000000000000000000000000086
S214482E000000000000000000000000000000000075
S214482E100000000000000000000000000000000065
S214482E200000000000000000000000000000000055
S214482E300000000000000000000000000000000045
S214482E400000000000000000000000000000000035
S214482E500000000000000000000000000000000025
S214482E600000000000000000000000000000000015
S214482E700000000000000000000000000000000005
S214482E8000000000000000000000000000000000F5
S214482E9000000000000000000000000000000000E5
S214482EA000000000000000000000000000000000D5
S214482EB000000000000000000000000000000000C5
S214482EC000000000000000000000000000000000B5
S214482ED000000000000000000000000000000000A5
S214482EE00000000000000000000000000000000095
S214482EF00000000000000000000000000000000085
S214482F000000000000000000000000000000000074
S214482F100000000000000000000000000000000064
S214482F200000000000000000000000000000000054
S214482F300000000000000000000000000000000044
S214482F400000000000000000000000000000000034
S214482F500000000000000000000000000000000024
S214482F600000000000000000000000000000000014
S214482F700000000000000000000000000000000004
S214482F8000000000000000000000000000000000F4
S214482F9000000000000000000000000000000000E4
S214482FA000000000000000000000000000000000D4
S214482FB000000000000000000000000000000000C4
S214482FC000000000000000000000000000000000B4
S214482FD000000000000000000000000000000000A4
S214482FE00000000000000000000000000000000094
S214482FF00000000000000000000000000000000084
S2144830000000000000000000000000000000000073
S2144830100000000000000000000000000000000063
S2144830200000000000000000000000000000000053
S2144830300000000000000000000000000000000043
S2144830400000000000000000000000000000000033
S2144830500000000000000000000000000000000023
S2144830600000000000000000000000000000000013
S2144830700000000000000000000000000000000003
S21448308000000000000000000000000000000000F3
S21448309000000000000000000000000000000000E3
S2144830A000000000000000000000000000000000D3
S2144830B000000000000000000000000000000000C3
S2144830C000000000000000000000000000000000B3
S2144830D000000000000000000000000000000000A3
S2144830E00000000000000000000000000000000093
S2144830F00000000000000000000000000000000083
S2144831000000000000000000000000000000000072
S2144831100000000000000000000000000000000062
S2144831200000000000000000000000000000000052
S2144831300000000000000000000000000000000042
S2144831400000000000000000000000000000000032
S2144831500000000000000000000000000000000022
S2144831600000000000000000000000000000000012
S2144831700000000000000000000000000000000002
S21448318000000000000000000000000000000000F2
S21448319000000000000000000000000000000000E2
S2144831A000000000000000000000000000000000D2
S2144831B000000000000000000000000000000000C2
S2144831C000000000000000000000000000000000B2
S2144831D000000000000000000000000000000000A2
S2144831E00000000000000000000000000000000092
S2144831F00000000000000000000000000000000082
S2144832000000000000000000000000000000000071
S2144832100000000000000000000000000000000061
S2144832200000000000000000000000000000000051
S2144832300000000000000000000000000000000041
S2144832400000000000000000000000000000000031
S2144832500000000000000000000000000000000021
S2144832600000000000000000000000000000000011
S2144832700000000000000000000000000000000001
S21448328000000000000000000000000000000000F1
S21448329000000000000000000000000000000000E1
S2144832A000000000000000000000000000000000D1
S2144832B000000000000000000000000000000000C1
S2144832C000000000000000000000000000000000B1
S2144832D000000000000000000000000000000000A1
S2144832E00000000000000000000000000000000091
S2144832F00000000000000000000000000000000081
S2144833000000000000000000000000000000000070
S2144833100000000000000000000000000000000060
S2144833200000000000000000000000000000000050
S2144833300000000000000000000000000000000040
S2144833400000000000000000000000000000000030
S2144833500000000000000000000000000000000020
S2144833600000000000000000000000000000000010
S2144833700000000000000000000000000000000000
S21448338000000000000000000000000000000000F0
S21448339000000000000000000000000000000000E0
S2144833A000000000000000000000000000000000D0
S2144833B000000000000000000000000000000000C0
S2144833C000000000000000000000000000000000B0
S2144833D000000000000000000000000000000000A0
S2144833E00000000000000000000000000000000090
S2144833F00000000000000000000000000000000080
S214483400000000000000000000000000000000006F
S214483410000000000000000000000000000000005F
S214483420000000000000000000000000000000004F
S214483430000000000000000000000000000000003F
S214483440000000000000000000000000000000002F
S214483450000000000000000000000000000000001F
S214483460000000000000000000000000000000000F
S21448347000000000000000000000000000000000FF
S21448348000000000000000000000000000000000EF
S21448349000000000000000000000000000000000DF
S2144834A000000000000000000000000000000000CF
S2144834B000000000000000000000000000000000BF
S2144834C000000000000000000000000000000000AF
S2144834D0000000000000000000000000000000009F
S2144834E0000000000000000000000000000000008F
S2144834F0000000000000000000000000000000007F
S214483500000000000000000000000000000000006E
S214483510000000000000000000000000000000005E
S214483520000000000000000000000000000000004E
S214483530000000000000000000000000000000003E
S214483540000000000000000000000000000000002E
S214483550000000000000000000000000000000001E
S214483560000000000000000000000000000000000E
S21448357000000000000000000000000000000000FE
S21448358000000000000000000000000000000000EE
S21448359000000000000000000000000000000000DE
S2144835A000000000000000000000000000000000CE
S2144835B000000000000000000000000000000000BE
S2144835C000000000000000000000000000000000AE
S2144835D0000000000000000000000000000000009E
S2144835E0000000000000000000000000000000008E
S2144835F0000000000000000000000000000000007E
S214483600000000000000000000000000000000006D
S214483610000000000000000000000000000000005D
S214483620000000000000000000000000000000004D
S214483630000000000000000000000000000000003D
S214483640000000000000000000000000000000002D
S214483650000000000000000000000000000000001D
S214483660000000000000000000000000000000000D
S21448367000000000000000000000000000000000FD
S21448368000000000000000000000000000000000ED
S21448369000000000000000000000000000000000DD
S2144836A000000000000000000000000000000000CD
S2144836B000000000000000000000000000000000BD
S2144836C000000000000000000000000000000000AD
S2144836D0000000000000000000000000000000009D
S2144836E0000000000000000000000000000000008D
S2144836F0000000000000000000000000000000007D
S214483700000000000000000000000000000000006C
S214483710000000000000000000000000000000005C
S214483720000000000000000000000000000000004C
S214483730000000000000000000000000000000003C
S214483740000000000000000000000000000000002C
S214483750000000000000000000000000000000001C
S214483760000000000000000000000000000000000C
S21448377000000000000000000000000000000000FC
S21448378000000000000000000000000000000000EC
S21448379000000000000000000000000000000000DC
S2144837A000000000000000000000000000000000CC
S2144837B000000000000000000000000000000000BC
S2144837C000000000000000000000000000000000AC
S2144837D0000000000000000000000000000000009C
S2144837E0000000000000000000000000000000008C
S2144837F0000000000000000000000000000000007C
S214483800000000000000000000000000000000006B
S214483810000000000000000000000000000000005B
S214483820000000000000000000000000000000004B
S214483830000000000000000000000000000000003B
S214483840000000000000000000000000000000002B
S214483850000000000000000000000000000000001B
S214483860000000000000000000000000000000000B
S21448387000000000000000000000000000000000FB
S21448388000000000000000000000000000000000EB
S21448389000000000000000000000000000000000DB
S2144838A000000000000000000000000000000000CB
S2144838B000000000000000000000000000000000BB
S2144838C000000000000000000000000000000000AB
S2144838D0000000000000000000000000000000009B
S2144838E0000000000000000000000000000000008B
S2144838F0000000000000000000000000000000007B
S214483900000000000000000000000000000000006A
S214483910000000000000000000000000000000005A
S214483920000000000000000000000000000000004A
S214483930000000000000000000000000000000003A
S214483940000000000000000000000000000000002A
S214483950000000000000000000000000000000001A
S214483960000000000000000000000000000000000A
S21448397000000000000000000000000000000000FA
S21448398000000000000000000000000000000000EA
S21448399000000000000000000000000000000000DA
S2144839A000000000000000000000000000000000CA
S2144839B000000000000000000000000000000000BA
S2144839C000000000000000000000000000000000AA
S2144839D0000000000000000000000000000000009A
S2144839E0000000000000000000000000000000008A
S2144839F0000000000000000000000000000000007A
S214483A000000000000000000000000000000000069
S214483A100000000000000000000000000000000059
S214483A200000000000000000000000000000000049
S214483A300000000000000000000000000000000039
S214483A400000000000000000000000000000000029
S214483A500000000000000000000000000000000019
S214483A600000000000000000000000000000000009
S214483A7000000000000000000000000000000000F9
S214483A8000000000000000000000000000000000E9
S214483A9000000000000000000000000000000000D9
S214483AA000000000000000000000000000000000C9
S214483AB000000000000000000000000000000000B9
S214483AC000000000000000000000000000000000A9
S214483AD00000000000000000000000000000000099
S214483AE00000000000000000000000000000000089
S214483AF00000000000000000000000000000000079
S214483B000000000000000000000000000000000068
S214483B100000000000000000000000000000000058
S214483B200000000000000000000000000000000048
S214483B300000000000000000000000000000000038
S214483B400000000000000000000000000000000028
S214483B500000000000000000000000000000000018
S214483B600000000000000000000000000000000008
S214483B7000000000000000000000000000000000F8
S214483B8000000000000000000000000000000000E8
S214483B9000000000000000000000000000000000D8
S214483BA000000000000000000000000000000000C8
S214483BB000000000000000000000000000000000B8
S214483BC000000000000000000000000000000000A8
S214483BD00000000000000000000000000000000098
S214483BE00000000000000000000000000000000088
S214483BF00000000000000000000000000000000078
S214483C000000000000000000000000000000000067
S214483C100000000000000000000000000000000057
S214483C200000000000000000000000000000000047
S214483C300000000000000000000000000000000037
S214483C400000000000000000000000000000000027
S214483C500000000000000000000000000000000017
S214483C600000000000000000000000000000000007
S214483C7000000000000000000000000000000000F7
S214483C8000000000000000000000000000000000E7
S214483C9000000000000000000000000000000000D7
S214483CA000000000000000000000000000000000C7
S214483CB000000000000000000000000000000000B7
S214483CC000000000000000000000000000000000A7
S214483CD00000000000000000000000000000000097
S214483CE00000000000000000000000000000000087
S214483CF00000000000000000000000000000000077
S214483D000000000000000000000000000000000066
S214483D100000000000000000000000000000000056
S214483D200000000000000000000000000000000046
S214483D300000000000000000000000000000000036
S214483D400000000000000000000000000000000026
S214483D500000000000000000000000000000000016
S214483D600000000000000000000000000000000006
S214483D7000000000000000000000000000000000F6
S214483D8000000000000000000000000000000000E6
S214483D9000000000000000000000000000000000D6
S214483DA000000000000000000000000000000000C6
S214483DB000000000000000000000000000000000B6
S214483DC000000000000000000000000000000000A6
S214483DD00000000000000000000000000000000096
S214483DE00000000000000000000000000000000086
S214483DF00000000000000000000000000000000076
S214483E000000000000000000000000000000000065
S214483E100000000000000000000000000000000055
S214483E200000000000000000000000000000000045
S214483E300000000000000000000000000000000035
S214483E400000000000000000000000000000000025
S214483E500000000000000000000000000000000015
S214483E600000000000000000000000000000000005
S214483E7000000000000000000000000000000000F5
S214483E8000000000000000000000000000000000E5
S214483E9000000000000000000000000000000000D5
S214483EA000000000000000000000000000000000C5
S214483EB000000000000000000000000000000000B5
S214483EC000000000000000000000000000000000A5
S214483ED00000000000000000000000000000000095
S214483EE00000000000000000000000000000000085
S214483EF00000000000000000000000000000000075
S214483F000000000000000000000000000000000064
S214483F100000000000000000000000000000000054
S214483F200000000000000000000000000000000044
S214483F300000000000000000000000000000000034
S214483F400000000000000000000000000000000024
S214483F500000000000000000000000000000000014
S214483F600000000000000000000000000000000004
S214483F7000000000000000000000000000000000F4
S214483F8000000000000000000000000000000000E4
S214483F9000000000000000000000000000000000D4
S214483FA000000000000000000000000000000000C4
S214483FB000000000000000000000000000000000B4
S214483FC000000000000000000000000000000000A4
S214483FD00000000000000000000000000000000094
S214483FE00000000000000000000000000000000084
S214483FF00000000000000000000000000000000074
S2144840000000012021444800697148006B7148004F
S2144840106D7148006F7148007171480000000000DB
S2144840200000000000000000000000007371480017
S21448403075714800000000007771480079714800A3
S2144840407B7148007B7148007B7148007B71480053
S2144840507B7148007B7148007B7148007B71480043
S2144840607B7148007B7148007B7148007B71480033
S2144840707B7148007B7148007B7148007B71480023
S2144840807B7148007B7148007B7148007B71480013
S2144840907B7148007B7148007B7148007B71480003
S2144840A07B7148007B7148007B7148007B714800F3
S2144840B07B7148007B7148007B7148007B714800E3
S2144840C07B7148007B7148007B7148007B714800D3
S2144840D07B7148007B7148007B7148007B714800C3
S2144840E07B7148007B7148007B7148007B714800B3
S2144840F07B7148007B7148007B7148007B714800A3
S2144841007B7148007B7148007B7148007B71480092
S2144841107B7148007B7148007B7148007B71480082
S2144841207B7148007B7148007B7148007B71480072
S2144841307B7148007B7148007B7148007B71480062
S2144841407B7148007B7148007B7148007B71480052
S2144841507B7148007B7148007B7148007B71480042
S2144841607B7148007B7148007B7148007B71480032
S2144841707B7148007B7148007B7148007B71480022
S2144841807B7148007B7148007B7148007B71480012
S2144841907B7148007B7148007B7148007B71480002
S2144841A07B7148007B7148007B7148007B714800F2
S2144841B07B7148007B7148007B7148007B714800E2
S2144841C07B7148007B7148007B7148007B714800D2
S2144841D07B7148007B7148007B7148007B714800C2
S2144841E07B7148007B7148007B7148007B714800B2
S2144841F07B7148007B7148007B7148007B714800A2
S2144842007B7148007B7148007B7148007B71480091
S2144842107B7148007B7148007B7148007B71480081
S2144842207B7148007B7148007B7148007B71480071
S2144842307B7148007B7148007B7148007B71480061
S2144842407B7148007B7148007B7148007B71480051
S2144842507B7148007B7148007B7148007B71480041
S2144842607B7148007B7148007B7148007B71480031
S2144842707B7148007B7148007B7148007B71480021
S2144842807B7148007B7148007B7148007B71480011
S2144842907B7148007B7148007B7148007B71480001
S2144842A07B7148007B7148007B7148007B714800F1
S2144842B07B7148007B7148007B7148007B714800E1
S2144842C07B7148007B7148007B7148007B714800D1
S2144842D07B7148007B7148007B7148007B714800C1
S2144842E07B7148007B7148007B7148007B714800B1
S2144842F07B7148007B7148007B7148007B714800A1
S2144843007B7148007B7148007B7148007B71480090
S2144843107B7148007B7148007B7148007B71480080
S2144843207B7148007B7148007B7148007B71480070
S2144843307B7148007B7148007B7148007B71480060
S2144843407B7148007B7148007B7148007B71480050
S2144843507B7148007B7148007B7148007B71480040
S2144843607B7148007B7148007B7148007B71480030
S2144843707B7148007B7148007B7148007B71480020
S2144843807B7148007B7148007B7148007B71480010
S2144843907B7148007B7148007B7148007B71480000
S2144843A07B7148007B7148007B7148007B714800F0
S2144843B07B7148007B7148007B7148007B714800E0
S2144843C07B7148007B7148007B7148007B714800D0
S2144843D07B7148007B7148007B7148007B714800C0
S2144843E07B7148007B7148007B7148007B714800B0
S2144843F07B7148007B7148007B7148007B714800A0
S2144844007B7148007B71480000BF00BF00BF00BFFB
S214484410FFF7FABF000000000000000000000000A0
S21448442072B64FF000004FF000014FF000024FF018
S21448443000034FF000044FF000054FF000064FF021
S21448444000074FF0640001380028FCDC5C4801682F
S2144844504FF0807201EA0201002924D159480168C8
S2144844604FF0807241EA02010160574801684FF0F8
S214484470010241EA02010160544845F6F021016014
S2144844804AF20F510160504801684FF0010201EAB4
S21448449002010129F7D04A4801684FF0807201EAC4
S2144844A002010029F7D04A484CF2205101604DF6E7
S2144844B02811016047484849016048484849016012
S2144844C04849086820F0040040F001000860464962
S2144844D0086820F0040040F00100086043480028BF
S2144844E014D0434801684FF0010201EA020100294E
S2144844F002D0404A404B01E0404A3F4B9A4205DAD8
S21448450000200021E2E802019A42FBDB3C480028F2
S21448451016D03C4A12684FF07F4302EA03024FEA3D
S2144845201262092A02D1384A384B01E0364A384BDB
S2144845309A4205DA00200021E2E802019A42FBDBB3
S2144845403448002816D02F4A12684FF47F0302EAF0
S21448455003024FEA1242082A02D12F4A2F4B01E0A3
S2144845602D4A2F4B9A4205DA00200021E2E8020144
S2144845709A42FBDB2B4800684FF05A318842F9D004
S214484580294880F3088803F03BF9284801684FF02B
S2144845900000814202D002F01BFF01E002F04CFE10
S2144845A00E482349016002F0ABFF62B602F09AFF5C
S2144845B002F030FC00BFFEE7AFF30080AFF30080A8
S2144845C010C32D4030C32D4004C32D4000C02D409D
S2144845D01000274000002740400000FF08ED00E09C
S2144845E00040480094EF00E090EF00E00100000033
S2144845F000C02840000040200080412000004020A5
S21448460001000000140026400000002000000220A0
S214484610000001200100000000000000000001002A
S21448462000800000900B4020000001200400264037
S2144846300000002082B003468DF807309DF807300A
S214484640DBB2002B01D100BEFDE700BF02B07047C9
S21448465082B003468DF807309DF80730DBB2002B52
S21448466001D100BEFDE700BF02B0704710B4EFF3BB
S21448467010831C46234618465DF8044B704710B412
S214484680EFF310831C46234618465DF8044B7047E4
S21448469010B4EFF310831C46234618465DF8044BC7
S2144846A0704710B4EFF310831C46234618465DF84F
S2144846B0044B704710B4EFF310831C462346184645
S2144846C05DF8044B704710B4EFF310831C4623463E
S2144846D018465DF8044B704710B4EFF310831C4639
S2144846E0234618465DF8044B704782B003468DF85B
S2144846F007309DF80730DBB2002B01D100BEFDE73E
S21448470000BF02B0704782B003468DF807309DF868
S2144847100730DBB2002B01D100BEFDE700BF02B078
S214484720704782B003468DF807309DF80730DBB2F5
S214484730002B01D100BEFDE700BF02B07047000065
S21448474000B585B00023039303E000BF039B013305
S2144847500393039B2F4A9342F7D92F4805F072F9E3
S2144847600023029303E000BF029B01330293029B9F
S214484770284A9342F7D9002004F0AEF900200AF000
S21448478041FD26480AF020FCC1200AF0ACFC02F0A5
S21448479093FA00F08FFF034683F00103DBB2002B49
S2144847A002D000F01DFF01E000F09EFE00230193BA
S2144847B003E000BF019B01330193019B154A9342D6
S2144847C0F7D9174B1B68012B03D10E2002F07EFA4F
S2144847D0ECE7134B1B68022B03D10D2002F076FA48
S2144847E0E4E70F4B1B68032B03D10F2002F06EFA49
S2144847F0DCE70B4B1B68042B03D1112002F066FA4A
S214484800D4E7074B1B68052BD0D1122002F05EFA7E
S214484810CCE700BF3F420F0070584900C4584900D3
S214484820AC0D402000BF704700B587B0039002919A
S214484830019200930021029804F0D2F805900021D6
S214484840029804F0CDF80590059B002B01D0059BF7
S21448485025E00021029804F07BF90590059B002B83
S21448486005D104F0C7F90590059B012BF9D0059BA7
S214484870002B0FD10023019A0099039804F0DAF927
S2144848800590059B002B05D104F036FA0590059B4C
S214484890012BF9D00021029803F08CFF059B18469F
S2144848A007B05DF804FB00B585B00390029101920D
S2144848B0029A0199039804F03FFA0346184605B051
S2144848C05DF804FB38B510225349544801F0E8FC1B
S2144848D00346534A136010234F4A00214FF0805036
S2144848E0FFF7A2FF03464F4A136010224E494FF087
S2144848F08050FFF7D8FF03464C4A136010224C49B5
S214484900494801F0E0FC03464A4A136010224849E9
S214484910424802F011FC0346002B0CBF012300233B
S214484920DAB2454B1A70102244493C4801F0DEFC86
S2144849300346434A13601023404A01214148FFF783
S21448494073FF0346404A1360102240493D48FFF72C
S214484950AAFF03463E4A136010223E493B4801F0F0
S214484960D9FC03463C4A136010223A492B4802F0C9
S214484970E3FB0346002B0CBF01230023DAB2374B78
S2144849801A701021364800F023FF03461A46354B66
S2144849901A701E23344A3549314801F055FC0346FF
S2144849A0334A1360334A2E4B14460FCB84E80F0025
S2144849B0304B2D4A03F1100415460FCD0FC495E829
S2144849C00F0007C4238030232A4A02212A48FFF7CB
S2144849D02BFF0346294A1360302226492648FFF70C
S2144849E062FF0346264A13601E23264A2649214864
S2144849F001F040FC0346254A13601E2221491B4805
S214484A0002F09AFB0346002B0CBF01230023DAB2C0
S214484A101F4B1A7000BF38BD84004020680D4020E8
S214484A20380D40203C0D402094004020400D40204A
S214484A30A4004020440D402080004020B400402080
S214484A40480D4020002000104C0D4020C400402057
S214484A50500D4020D4004020540D40208100402076
S214484A60E400402082004020F40040202C514900B9
S214484A70580D402014014020004000105C0D402096
S214484A80600D40204401402024014020640D402011
S214484A908300402000B589B00390029101920093AC
S214484AA00021029803F09CFF0790079B002B01D03B
S214484AB0079B3BE00021029804F04AF80790079BC2
S214484AC0002B05D104F096F80790079B012BF9D0E8
S214484AD0002306931EE0009A069BD31A802B28BF15
S214484AE080230593039A069BD018019A069B1A447E
S214484AF00023059904F09EF80790079B002B05D1E4
S214484B0004F0FAF80790079B012BF9D0069A059B04
S214484B1013440693079B002B03D1069A009B9A42A0
S214484B20D9D30021029803F045FE079B184609B0E2
S214484B305DF804FB00B585B0039002910192029A95
S214484B400199039804F0F8F80346184605B05DF84E
S214484B5004FB00B585B0354B0393002009F0DAFD19
S214484B6003468DF80B3010220021314802F0F4FA43
S214484B702F4B0C221A802E4B80225A802C4B122206
S214484B801A739DF80B201346DB009B1A1B01294A13
S214484B901344019370220021019802F0DDFA019B2C
S214484BA008330093019B4FF482721A60009B224A96
S214484BB01A601F4A009B5A60009B00229A60009B1E
S214484BC00022DA601D4A009B1A61009B00229A82E6
S214484BD0009B0022DA82009B10221A83009B4FF02B
S214484BE0FF32DA61009B4FF0FF321A649DF80B30B3
S214484BF0134A1B01134400221A609DF80B30104AD2
S214484C001B0113440C330F4A1A609DF80B301B01E6
S214484C100B4A1A449DF80B10019B002009F022FE0F
S214484C200390039B184605B05DF804FBF1D4D633D1
S214484C302805402068034020030002004C514900E4
S214484C40280340208096980000B587B001900091D0
S214484C502F4B0593002009F05DFD03468DF8133071
S214484C602C4B10221A609DF813201346DB009B1A23
S214484C701B01294A1344039370220021039802F02B
S214484C806BFA039B08330293039B244A1A60029BE1
S214484C9000221A70029B00225A70029B01229A70C8
S214484CA0029B0022DA70029B11221A71029B102284
S214484CB01A72029B1A4A1A61029B009A5A61019A12
S214484CC0029B9A61134A029BDA61164A029B1A6251
S214484CD09DF81330144A1B01134400221A609DF8AD
S214484CE01330114A1B0113440C33104A1A609DF8BE
S214484CF013301B010C4A1A449DF81310039B0020DE
S214484D0009F0B0FD0590059B184607B05DF804FB12
S214484D10F1D4D63374014020680340200102A50030
S214484D200300020064014020280340208096980033
S214484D3000B589B003900291019200932F4B0793D8
S214484D40002009F0E7FC03468DF81B302C4A009BF0
S214484D5013609DF81B201346DB009B1A1B01294A4B
S214484D601344059370220021059802F0F5F9059B37
S214484D7008330493059B244A1A60049B00221A7041
S214484D80049B00225A70049B00229A70049B0022BF
S214484D90DA70049B11221A71049B10221A72049B23
S214484DA01A4A1A61049B029A5A61039A049B9A61AA
S214484DB0134A049BDA61019A049B1A629DF81B30D9
S214484DC0134A1B01134400221A609DF81B30104AF0
S214484DD01B0113440C330F4A1A609DF81B301B0105
S214484DE00B4A1A449DF81B10059B002009F03AFD13
S214484DF00790079B184609B05DF804FBF1D4D633F4
S214484E0038054020680340200102A5000300020040
S214484E10280340208096980030B583B0002301933D
S214484E2013E0019A3B4BA3FB0213DB081A2101FB54
S214484E3003F3D31ADBB24133D9B2374A019B134442
S214484E400A461A70019B01330193019B1F2BE8D930
S214484E50FFF77FFE0346314A136020212E48FFF7AE
S214484E60F3FE03462E4A13602E4B1B682E4A20211B
S214484E702948FFF75DFF03462C4A13602C4A264B09
S214484E8014461D460FCD0FC495E80F0084E80F0062
S214484E90274B254A03F1200413460FCB84E80F001E
S214484EA03023234A06212348FFF7F4FD0346224AC7
S214484EB0136030221E491F48FFF73CFE03461F4A30
S214484EC013601F4A1A4B144620330FCB84E80F0052
S214484ED010231B4A20211648FFF72AFF0346194A83
S214484EE01360154B1B68002B0AD1144B1B68002B0C
S214484EF006D1144B1B68144A934201D1012300E0A3
S214484F00002303F00103DAB2104B1A7000BF03B057
S214484F1030BD00BF4FECC44E18024020780D4020EC
S214484F207C0D40207401402064014020800D4020C4
S214484F305802402000C00010840D4020880D4020B4
S214484F40780140208C0D402033AAA5558801402082
S214484F5000B585B02B4B0393002009F0DBFB0346D6
S214484F608DF80B3040220021274802F0F5F89DF8CE
S214484F700B201346DB009B1A1B01244A134401935B
S214484F8070220021019802F0E7F8019B083300934D
S214484F90019B4FF483721A60009B1D4A1A60009B5F
S214484FA00C229A80009B4FF48072DA80009B8722FE
S214484FB01A74009B01225A74009B03221A75124ADF
S214484FC0009B9A619DF80B30124A1B01134400223D
S214484FD01A609DF80B300F4A1B0113440C330E4AD7
S214484FE01A609DF80B301B010A4A1A449DF80B10AC
S214484FF0019B002009F036FC0390039B184605B039
S2144850005DF804FBF1D4D6338C0140206803402079
S21448501000010200280340208096980000B587B01B
S21448502001900091364B0593002009F073FB034628
S2144850308DF81330334B20221A60334B20221A60E7
S2144850409DF813201346DB009B1A1B012F4A134476
S214485050039370220021039802F07EF8039B0833DE
S2144850600293039B40F206221A60029B00221A70A3
S214485070029B00225A70029B01229A70029B0022D1
S214485080DA70029B80221A71029B04221A72029BD3
S2144850901F4A1A61029B00221A75029B009A9A615F
S2144850A0019A029BDA61174A029B1A62164A029BC9
S2144850B05A62184A029B9A62174A029BDA629DF81D
S2144850C01330164A1B01134400221A609DF8133009
S2144850D0124A1B0113440C33114A1A609DF81330C8
S2144850E01B010E4A1A449DF81310039B002009F032
S2144850F0B9FB0590059B184607B05DF804FB00BF52
S214485100F1D4D6330C0240201002402068034020D9
S21448511000010200CC014020EC014020280340203A
S2144851208096980000B589B003900291019200934A
S214485130364B0793002009F0EDFA03468DF81B30EE
S214485140334A0A9B1360334A0C9B13609DF81B2016
S2144851501346DB009B1A1B012F4A13440593702203
S2144851600021059801F0F8FF059B08330493059B3A
S21448517040F206221A60049B00221A70049B002202
S2144851805A70049B00229A70049B0022DA70049B93
S21448519080221A71049B04221A72049B039A1A618D
S2144851A0049B00221A75049B019A9A61029A049BF2
S2144851B0DA61174A049B1A62164A049B5A62009A96
S2144851C0049B9A620B9A049BDA629DF81B30134A3A
S2144851D01B01134400221A609DF81B300F4A1B011E
S2144851E013440C330E4A1A609DF81B301B010B4AB9
S2144851F01A449DF81B10059B002009F033FB0790C6
S214485200079B184609B05DF804FB00BFF1D4D633B7
S2144852103C054020400540206803402028034020A5
S2144852208096980000B587B00190394B05930020CA
S21448523009F070FA03468DF81330102200213548DD
S21448524001F08AFF334B08221A80324B4FF48072A3
S2144852505A80304B88221A732E4B01225A739DF877
S21448526013201346DB009B1A1B012B4A1344039357
S21448527070220021039801F06FFF039B08330293C6
S214485280039B4FF482721A60029B244A1A60214A92
S214485290029B5A60019A029B9A60029B0022DA603F
S2144852A0029B00221A61029B40229A82029B00229D
S2144852B0DA82029B00221A83029B4FF0FF32DA61A1
S2144852C0029B4FF0FF321A64029B002283F85C2050
S2144852D09DF81330124A1B01134400221A609DF8A9
S2144852E013300F4A1B0113440C330E4A1A609DF8BC
S2144852F013301B010A4A1A449DF81310039B0020DA
S21448530009F0B0FA0590059B184607B05DF804FB0F
S214485310F1D4D633440540206803402000020200FA
S214485320280340208096980030B587B00023059320
S21448533013E0059A524BA3FB0213DB081A2101FB24
S21448534003F3D31ADBB26133D9B24E4A059B1344F2
S2144853500A461A70059B01330593059B1F2BE8D90F
S214485360FFF7F6FD0346484A136020214548FFF7F5
S21448537055FE0346454A1360454B1B68454A126826
S2144853800292454A01920093444B20223D494448A4
S214485390FFF7C8FE0346434A1360434A394B144650
S2144853A01D460FCD0FC495E80F0084E80F003E4B0E
S2144853B03E4A03F1200415460FCD0FC40FCD0FC447
S2144853C00FCD0FC495E80F0084E80F00364B334ADC
S2144853D003F1600415460FCD0FC495E80F0084E826
S2144853E00F00314B2C4A03F1800415460FCD0FC4ED
S2144853F095E80F0084E80F00A0232B4A07212C4885
S214485400FFF748FB03462B4A1360A0222649284844
S214485410FFF790FB0346284A13602848FFF702FF29
S2144854200346274A136020230293264B01932023E2
S2144854300093254B20221C492448FFF773FE034659
S214485440234A13601B4B1B68002B0FD11A4B1B6853
S214485450002B0BD11A4B1B681E4A934206D11C4B95
S2144854601B681C4A934201D1012300E0002303F045
S2144854700103DAB2184B1A7000BF07B030BD00BF40
S2144854804FECC44E38024020900D4020940D4020EA
S2144854900C02402010024020EC014020CC01402065
S2144854A000010200980D4020880240208C014020D0
S2144854B000E000109C0D4020A00D4020A80240208F
S2144854C0A40D402008034020E802402000020200C5
S2144854D0A80D402033AAA5551402402008B5FFF76A
S2144854E09BFC00BF08BD00BF00B583B012E000209B
S2144854F009F0A3FA03461A46314B1A80304B1B88EC
S2144855009BB203F48073002B09D12E4B1B68013BDA
S2144855102C4A13602B4B1B68002BE8D100E000BFD9
S214485520284B1B68002B47D02749002009F0A6F8CF
S2144855300346264A1360254B1B68002B03D0244B92
S21448554002221A6038E000238DF8073000F0BAF9D6
S2144855500346002B14BF01230023DBB28DF8073027
S21448556000F07CF903468DF80730194B01221A6083
S21448557000F0CDF803468DF807309DF80730DBB2CB
S214485580002B03D0124B03221A6002E0104B042271
S2144855901A6010210F4800F01BF903468DF80730B3
S2144855A00D4801F03BFC014620230C4A0A4800F00F
S2144855B0D3F903468DF8073000BF03B05DF804FB07
S2144855C0CE084020280E4020DC0540202C0E4020E7
S2144855D0AC0D4020A0054020B00D4020B805402026
S2144855E0184B0022C3F85823164B4FF0D852C3F82E
S2144855F00023154B154AC3F80021134B144AC3F829
S2144856000421114B1B68104A43F4807313600E4BF9
S2144856101B680D4A43F00103136000BF0A4B5B68E2
S21448562003F40043002BF9D0074B1B68064A23F0C7
S21448563001031360044B1B68034A23F4807313600A
S21448564000BF70470080264000C02E405555AAAA85
S214485650AAAA555500B587B0029101920093034611
S2144856608DF80F30104B0593059B009A1A60059BE2
S214485670BDF820201A81059B019ADA60029A059B9C
S2144856801A610A4B00221A60084B094ADA609DF8EC
S2144856900F00059B054A002109F0E4F80346184622
S2144856A007B05DF804FB00BFF405402058054020CD
S2144856B08096980000B585B000238DF80F304FF0DF
S2144856C000024FF00003CDE90023022302936B4605
S2144856D01A4608214FF0D85003F02EFB0290029B42
S2144856E0002B0ED1DDE90023B3F1FF3F08BFB2F12E
S2144856F0FF3F03D001238DF80F3002E000238DF8DA
S2144857000F309DF80F30184605B05DF804FB00B51D
S21448571085B0274A01AB92E8030083E80300254B8F
S2144857200393039B244A1A60039B01221A81039B16
S2144857300822DA60214A039B1A61214B00221A602C
S2144857401F4B204ADA60039B1D4A0021002009F0BF
S21448575089F803461C4A13601B4B1B681B4A934236
S21448576001D0002320E0BDF80620144B5B889A42FF
S21448577017D19DF80820114B1B799A4211D19DF8F4
S21448578009200E4B5B799A420BD1BDF80A200B4B89
S214485790DB889A4205D19DF80420084B1B789A422C
S2144857A001D0002300E00123184605B05DF804FB4D
S2144857B07C514900F40540200200A5009805402089
S2144857C05805402080969800D008402033AAA55512
S2144857D000B587B0019000911B4B05931B4B049373
S2144857E0002008F097FF03468DF80F3070220021FE
S2144857F0049801F0B1FC049B08330293029B0022F4
S2144858001A70019A029B9A60029B009A5A60049BFF
S2144858104FF440721A600E4B00221A600C4B0D4A29
S214485820DA609DF80F10049B094A002009F01AF820
S2144858300590059B084A934201D0002300E00123C7
S214485840184607B05DF804FBF1D4D633F40540207B
S214485850580540208096980033AAA55500B583B0D1
S214485860124B0193019B124A1A60019B02221A812D
S214485870019B0822DA600F4A019B1A610E4B0022F0
S2144858801A600D4B0D4ADA60019B0B4A0021002036
S21448589008F0E8FF0090009B094A934201D0002395
S2144858A000E00123184603B05DF804FBF4054020E9
S2144858B00200A500B0054020580540208096980074
S2144858C033AAA55500B585B01E4BA5221A700123EC
S2144858D08DF80F300BE09DF80F301A4A9B011344A1
S2144858E0A5221A709DF80F3001338DF80F309DF8B9
S2144858F00F30012BEFD9144B0293029B01221A60FA
S214485900029B14221A81029B8022DA600D4A029B6F
S2144859101A610E4B00221A600C4B0D4ADA60029B45
S2144859200A4A0021002008F09DFF0190019B094A81
S214485930934201D0002300E00123184605B05DF8E5
S21448594004FB00BFB4074020F4054020580540201B
S2144859508096980033AAA55500B589B00390029161
S21448596001928DF80330244A9DF803301370234B78
S2144859700793002008F0CEFE03468DF81B307022B1
S2144859800021079801F0E8FB079B1D4A1A60079B11
S21448599008330593059B00221A70059B029A5A60A5
S2144859A0059B04229A70019A059B1A61124A059B28
S2144859B0DA60039A059B9A60059B0022DA70059B7D
S2144859C000225A700F4B00221A600E4B0E4ADA60BD
S2144859D09DF81B10079B0B4A002008F043FF0490D5
S2144859E0049B0A4A934201D0002300E0012318464C
S2144859F009B05DF804FB00BFD8054020F4054020F8
S214485A000002A500580540208096980033AAA55560
S214485A1000B585B0214B0393002008F07BFE034673
S214485A208DF80B309DF80B201346DB009B1A1B01A4
S214485A301B4A1344019370220021019801F08CFB05
S214485A40019B08330093019B40F201121A60154AE5
S214485A50009B1A60144A009B5A609DF80B30134A04
S214485A601B01134400221A609DF80B300F4A1B0195
S214485A7013440C330E4A1A609DF80B301B010B4A30
S214485A801A449DF80B10019B002008F0EBFE03908B
S214485A90039B184605B05DF804FB00BFF1D4D63327
S214485AA0F4054020BC0D4020CC0D40205805402031
S214485AB08096980000B585B0354B0393002008F0D3
S214485AC029FE03468DF80B3010220021314801F09C
S214485AD043FB304B03221A802E4B80225A802D4B94
S214485AE012221A739DF80B201346DB009B1A1B01E3
S214485AF0294A1344019370220021019801F02CFB97
S214485B00019B08330093019B4FF482721A60009BF6
S214485B104FF400321A601F4A009B5A60009B0022CE
S214485B209A60009B0022DA601C4A009B1A61009B20
S214485B3000229A82009B0022DA82009B10221A8357
S214485B40009B4FF0FF32DA61009B4FF0FF321A6439
S214485B509DF80B30124A1B01134400221A609DF828
S214485B600B300F4A1B0113440C330E4A1A609DF83B
S214485B700B301B010A4A1A449DF80B10019B002063
S214485B8008F070FE0390039B184605B05DF804FBCA
S214485B90F1D4D633D4084020F40540205C5149005F
S214485BA0580540208096980000B585B0234B03934F
S214485BB0002008F0AFFD03468DF80B301022002178
S214485BC01F4801F0C9FA9DF80B201346DB009B1AC4
S214485BD01B011C4A1344019370220021019801F0CE
S214485BE0BBFA019B08330093019B174A1A60009B37
S214485BF04FF400321A60124A009B5A609DF80B30E8
S214485C00124A1B01134400221A609DF80B300F4AB3
S214485C101B0113440C330E4A1A609DF80B301B01C7
S214485C200A4A1A449DF80B10019B002008F01AFEF9
S214485C300390039B184605B05DF804FBF1D4D633B1
S214485C4034084020F40540200301A50058054020AC
S214485C508096980000B585B0234B0393002008F043
S214485C6059FD03468DF80B30102200211F4801F0DD
S214485C7073FA9DF80B201346DB009B1A1B011C4A3F
S214485C801344019370220021019801F065FA019BA4
S214485C9008330093019B174A1A60009B4FF48032E2
S214485CA01A60124A009B5A609DF80B30124A1B0134
S214485CB0134400221A609DF80B300F4A1B01134408
S214485CC00C330E4A1A609DF80B301B010A4A1A44D8
S214485CD09DF80B10019B002008F0C4FD0390039B21
S214485CE0184605B05DF804FBF1D4D6336808402062
S214485CF0F40540200301A5005805402080969800EA
S214485D0000B585B03F4B0393FFF7A4FF03463E4AD2
S214485D1013603D4B1B683D4A934201D13B4B6DE0B7
S214485D20002008F0F7FC03468DF80B3010220021BF
S214485D30374801F011FA364B03221A80344B80223A
S214485D405A80334B00225A60314B12221A739DF800
S214485D500B201346DB009B1A1B012E4A1344019363
S214485D6070220021019801F0F7F9019B083300934F
S214485D70019B4FF482721A60009B4FF480321A607F
S214485D80234A009B5A60009B00229A60009B002290
S214485D90DA60214A009B1A61009B00229A82009B87
S214485DA00022DA82009B10221A83009B4FF0FF32B3
S214485DB0DA61009B4FF0FF321A649DF80B30174AA1
S214485DC01B01134400221A609DF80B30134A1B012E
S214485DD013440C33124A1A609DF80B301B010F4AC5
S214485DE01A449DF80B10019B002008F03BFD0390D9
S214485DF0FFF730FF0346044A1360039B184605B076
S214485E005DF804FBF1D4D6330C0E402033AAA555D2
S214485E10E4084020F40540205C51490058054020DD
S214485E208096980000B585B0244B0393002008F070
S214485E3071FC03468DF80B309DF80B201346DB00AB
S214485E409B1A1B011E4A1344019370220021019895
S214485E5001F082F9019B08330093019B4FF481724D
S214485E601A60009B4FF480321A60009B05221A7114
S214485E709DF80B30134A1B01134400221A609DF804
S214485E800B30104A1B0113440C330F4A1A609DF816
S214485E900B301B010B4A1A449DF80B10019B00203F
S214485EA008F0E0FC0390FFF7D5FE0346074A136068
S214485EB0039B184605B05DF804FB00BFF1D4D63303
S214485EC0F405402058054020809698000C0E402047
S214485ED000B585B0234B0393002008F01BFC03460F
S214485EE08DF80B30102200211F4801F035F99DF837
S214485EF00B201346DB009B1A1B011C4A13440193D4
S214485F0070220021019801F027F9019B083300937D
S214485F10019B174A1A60009B164A1A60124A009B51
S214485F205A609DF80B30144A1B01134400221A602D
S214485F309DF80B30104A1B0113440C330F4A1A6065
S214485F409DF80B301B010C4A1A449DF80B10019B18
S214485F50002008F087FC0390039B184605B05DF8C0
S214485F6004FB00BFF1D4D6339C084020F4054020FB
S214485F700301A500010002005805402080969800BD
S214485F8000B585B0294B0393002008F0C3FB0346B1
S214485F908DF80B309DF80B201346DB009B1A1B012F
S214485FA0234A1344019370220021019801F0D4F843
S214485FB0019B08330093019B4FF483721A60009B41
S214485FC01C4A1A60009B03229A80009B8022DA8033
S214485FD0009B12221A74009B01221A75009B00220D
S214485FE09A619DF80B30144A1B01134400221A602C
S214485FF09DF80B30104A1B0113440C330F4A1A60A5
S2144860009DF80B301B010C4A1A449DF80B10019B57
S214486010002008F027FC0390FFF75AFF0346084A7B
S2144860201360039B184605B05DF804FBF1D4D633DD
S214486030F40540200100020058054020809698004C
S2144860401C0E402000B589B0029101920093034689
S2144860508DF80F302D4B0793002008F05BFB034666
S2144860608DF81B309DF81B201346DB009B1A1B013E
S214486070274A1344059370220021059801F06CF8CE
S214486080059B08330493059B224A1A60049B00220A
S2144860901A70049B10229A70049B0322DA70049BA1
S2144860A09DF80F201A71049B00225A71049B029A8D
S2144860B09A60049B0022DA60049B0A9A1A61019A45
S2144860C0049B5A61009A049B9A619DF81B30124AB9
S2144860D01B01134400221A609DF81B300E4A1B0110
S2144860E013440C330D4A1A609DF81B301B010A4AAC
S2144860F01A449DF81B10059B002008F0B3FB079038
S214486100079B184609B05DF804FB00BFF1D4D633A8
S214486110F40540200302A5005805402080969800C4
S21448612000B587B0059004910392039B0093049BA7
S214486130059A4FF400310120FFF784FF03461846BE
S21448614007B05DF804FB00B587B00590049103924C
S214486150039B0093049B059A4FF400310020FFF7F9
S21448616071FF0346184607B05DF804FB00B589B0D2
S21448617002910192009303468DF80F302D4B0793FA
S214486180002008F0C7FA03468DF81B309DF81B2000
S2144861901346DB009B1A1B01274A134405937022BB
S2144861A00021059800F0D8FF059B08330493059B0B
S2144861B0224A1A60049B00221A70049B10229A7086
S2144861C0049B0122DA70049B9DF80F201A71049BE9
S2144861D000225A71049B029A9A60019A049BDA60DC
S2144861E0049B0B9A1A61009A049B5A610A9A049B6C
S2144861F09A619DF81B30124A1B01134400221A600C
S2144862009DF81B300E4A1B0113440C330D4A1A6086
S2144862109DF81B301B010A4A1A449DF81B10059B23
S214486220002008F01FFB0790079B184609B05DF84A
S21448623004FB00BFF1D4D633F40540200302A50082
S214486240580540208096980000B587B00590049180
S21448625003920293029B0193039B0093049B059A27
S2144862604FF480310120FFF781FF0346184607B0F8
S2144862705DF804FB00B587B005900491039202933D
S214486280029B0193039B0093049B059A4FF480312D
S2144862900020FFF76BFF0346184607B05DF804FB7F
S2144862A000B587B0059004910392039B0093049B26
S2144862B0059A4FF480310120FFF7C4FE034618467E
S2144862C007B05DF804FB00B587B0059004910392CB
S2144862D0039B0093049B059A4FF480310020FFF7F8
S2144862E0B1FE0346184607B05DF804FB00B587B014
S2144862F0059004910392039B0093049B059A0449D6
S2144863000120FFF79FFE0346184607B05DF804FBDA
S2144863100100020000B587B0059004910392039BE4
S2144863200093049B059A04490020FFF78BFE03461A
S214486330184607B05DF804FB0100020000B583B0BC
S2144863400223019300238DF8033011E09DF80330B3
S21448635003330021184602F043FB0190019B002BB3
S21448636001D0019B09E09DF8033001338DF80330D6
S2144863709DF80330022BE9D9019B184603B05DF817
S21448638004FB00B583B000238DF807300BE09DF87A
S214486390073003330021184602F00CFA9DF8073000
S2144863A001338DF807309DF80730022BEFD900BF30
S2144863B000BF03B05DF804FB00B583B00223019329
S2144863C000238DF8033024E09DF803300333002182
S2144863D0184602F005FB01909DF803300333002170
S2144863E0184602F0B5FB0190019B002B01D0019B9B
S2144863F014E002F0FFFB0190019B012BF9D0019BB2
S214486400002B01D0019B09E09DF8033001338DF83D
S21448641003309DF80330022BD6D9019B184603B0AB
S2144864205DF804FB00B5A5B002232193002323930F
S2144864302FE0002322930DE0239BDAB2229BDBB2A7
S2144864401344D9B201AA229B13440A461A70229BC7
S21448645001332293229B7F2BEED9239B1148184465
S21448646001AA0023802102F0E5FB2190219B002B06
S21448647001D0219B12E002F03FFC2190219B012B8A
S214486480F9D0219B002B01D0219B07E0239B80332A
S2144864902393239BB3F5A04FCBD3219B184625B017
S2144864A05DF804FB0060001000B5A3B000232193FC
S2144864B026E0219A174B13446A468021184602F074
S2144864C03BFC0346002B01D000231EE0002320930C
S2144864D010E06A46209B13441A78219BD9B2209B29
S2144864E0DBB20B44DBB29A4201D000230DE0209B7E
S2144864F001332093209B7F2BEBD9219B803321931C
S214486500219BB3F5A04FD4D30123184623B05DF89A
S21448651004FB00BF0060001008B5FFF70FFF0346F6
S214486520144A1360134B1B68002B04D1FFF744FF33
S2144865300346104A13600F4B1B68002B04D1FFF725
S21448654071FF03460B4A13600A4B1B68002B06D1A3
S214486550FFF7AAFF0346002B01D0012300E00023E3
S21448656003F00103DAB2044B1A70FFF70AFF00BFC4
S21448657008BD00BF300E4020F408402000B585B066
S214486580354B0393002008F0C5F803468DF80B30CA
S21448659010220021314800F0DFFD304B0C221A80D3
S2144865A02E4B80225A802D4B12221A739DF80B20B0
S2144865B01346DB009B1A1B01294A13440193702299
S2144865C00021019800F0C8FD019B08330093019B09
S2144865D04FF482721A60009B4FF002121A601F4AEC
S2144865E0009B5A60009B00229A60009B0022DA605B
S2144865F01C4A009B1A61009B00229A82009B00223C
S214486600DA82009B10221A83009B4FF0FF32DA6131
S214486610009B4FF0FF321A649DF80B30124A1B015C
S214486620134400221A609DF80B300F4A1B0113448E
S2144866300C330E4A1A609DF80B301B010A4A1A445E
S2144866409DF80B10019B002008F00CF90390039B63
S214486650184605B05DF804FBF1D4D633200B40202D
S21448666060094020845149002009402080969800BF
S21448667000B585B0234B0393002008F04BF803463B
S2144866808DF80B30102200211F4800F065FD9DF85C
S2144866900B201346DB009B1A1B011C4A134401932C
S2144866A070220021019800F057FD019B08330093A3
S2144866B0019B174A1A60009B4FF001121A60124A53
S2144866C0009B5A609DF80B30124A1B011344002267
S2144866D01A609DF80B300F4A1B0113440C330E4AC0
S2144866E01A609DF80B301B010A4A1A449DF80B1095
S2144866F0019B002008F0B6F80390039B184605B0A7
S2144867005DF804FBF1D4D633F808402060094020F1
S2144867100301A500200940208096980000B585B062
S2144867203F4B0393FFF7A4FF03463E4A13603D4B97
S2144867301B683D4A934201D13B4B6DE0002007F071
S214486740E9FF03468DF80B3010220021374800F049
S21448675003FD364B08221A80344B80225A80334B2E
S21448676000225A60314B12221A739DF80B201346AA
S214486770DB009B1A1B012E4A13440193702200210A
S214486780019800F0E9FC019B08330093019B4FF405
S21448679082721A60009B4FF001121A60234A009BCF
S2144867A05A60009B00229A60009B0022DA60214AC9
S2144867B0009B1A61009B00229A82009B0022DA8284
S2144867C0009B10221A83009B4FF0FF32DA61009B31
S2144867D04FF0FF321A649DF80B30174A1B011344DA
S2144867E000221A609DF80B30134A1B0113440C33E1
S2144867F0124A1A609DF80B301B010F4A1A449DF83E
S2144868000B10019B002008F02DF80390FFF730FF8F
S2144868100346044A1360039B184605B05DF804FB1C
S214486820F1D4D6333C0E402033AAA555300B402031
S21448683060094020845149002009402080969800ED
S21448684000B587B001900091304B0593002007F0C3
S21448685061FF03468DF813302D4B10221A609DF8C1
S21448686013201346DB009B1A1B012A4A1344039342
S21448687070220021039800F06FFC039B08330293B4
S214486880039B254A1A60029B00221A70029B00222C
S2144868905A70029B01229A70029B0022DA70029B71
S2144868A011221A71029B10221A72029B4FF0021292
S2144868B01A61029B009A5A61019A029B9A61144A8D
S2144868C0029BDA61154A029B1A629DF81330144AF5
S2144868D01B01134400221A609DF81330104A1B010E
S2144868E013440C330F4A1A609DF813301B010C4AA8
S2144868F01A449DF81310039B002007F0B3FF059039
S214486900059B184607B05DF804FB00BFF1D4D633A4
S21448691018094020600940200102A50008094020C7
S214486920200940208096980000B585B0214B0393F7
S214486930002007F0EFFE03468DF80B309DF80B203D
S2144869401346DB009B1A1B011B4A13440193702213
S2144869500021019800F000FC019B08330093019B3E
S2144869604FF481721A60009B4FF002121A60009B27
S21448697005221A719DF80B30104A1B011344002259
S2144869801A609DF80B300D4A1B0113440C330C4A11
S2144869901A609DF80B301B01084A1A449DF80B10E4
S2144869A0019B002007F05EFF0390039B184605B046
S2144869B05DF804FBF1D4D633600940202009402016
S2144869C08096980000B589B00346029101928DF8EA
S2144869D00F303C4B0793002007F09CFE03468DF88B
S2144869E01B3040220021384800F0B6FB029B364A4E
S2144869F01360354A019B5360334B00229A60324BF2
S214486A0004221A73304B00221A612F4B4FF00112A2
S214486A105A612D4B11221A762B4B10221A772B4A85
S214486A20294B5A62284B0022DA639DF81B201346EE
S214486A30DB009B1A1B01264A13440593702200214B
S214486A40059800F089FB059B08330493059B40F2A4
S214486A5001521A60049B00221A70049B9DF80F206E
S214486A605A70194A049B5A60029A049B9A60049B7F
S214486A70019ADA60154A049B1A61164B1B689AB24B
S214486A80049B1A839DF81B30134A1B0113440022AB
S214486A901A609DF81B30104A1B0113440C330F4AEA
S214486AA01A609DF81B301B010B4A1A449DF81B10B0
S214486AB0059B002007F0D6FE0790079B184609B0AE
S214486AC05DF804FBF1D4D633400B4020080940203B
S214486AD060094020180940202009402080969800E8
S214486AE000B587B003468DF80730234B0593002042
S214486AF007F010FE03468DF813309DF81320134612
S214486B00DB009B1A1B011D4A134403937022002185
S214486B10039800F021FB039B08330293039B40F243
S214486B2002521A60029B9DF807201A70029B0022A8
S214486B305A70029B00225A809DF81330104A1B0157
S214486B40134400221A609DF813300D4A1B01134463
S214486B500C330C4A1A609DF813301B01084A1A4435
S214486B609DF81310039B002007F07CFE0590059BBC
S214486B70184607B05DF804FBF1D4D63360094020C8
S214486B80200940208096980000B5A3B003468DF8AB
S214486B9007300023029303AB7C220021184600F0FE
S214486BA0DBFA0021032001F01BFF03461A4A136054
S214486BB0194B1B68002B15D102AA002380211748C1
S214486BC002F038F80346144A1360134B1B68002B30
S214486BD008D102F091F803460F4A13600E4B1B6823
S214486BE0012BF6D00021032001F0E4FD9DF8073084
S214486BF01846FFF775FF0346094A1360084B1B689B
S214486C00084A93420CBF01230023DAB2064B1A7097
S214486C1000BF23B05DF804FB500E40200060001013
S214486C20540E402064A1A5551C09402008B5FFF71E
S214486C3073FC194B1B7883F00103DBB2002B29D178
S214486C40FFF79CFC0346154A13604FF4A0411448CE
S214486C50FFF7F6FD0346134A1360FFF75FFD03464A
S214486C60114A13604FF4A0420D490120FFF7AAFECF
S214486C7003460E4A1360FFF757FE03460C4A136056
S214486C800120FFF72DFF03460A4A13600120FFF74D
S214486C907BFF00E000BF08BDF4084020340E4020CB
S214486CA000600010400E4020380E4020480E40201D
S214486CB0440E40204C0E402008B5034904200DF0F1
S214486CC04FFD00BF08BD00BF9451490000B583B0D2
S214486CD003468DF807309DF807300D3B052B00F22C
S214486CE0908001A252F823F0016D48005D6D48007F
S214486CF02F6D4800036E48008B6D4800C76D4800EE
S214486D00424B1B78002B14BF01230023DBB283F0D1
S214486D100103DBB203F00103DAB23C4B1A703B4B7B
S214486D201B781A460D213A480DF031F969E0374B81
S214486D301B78002B14BF01230023DBB283F001032A
S214486D40DBB203F00103DAB2304B1A702F4B1B78D4
S214486D501A460F212E480DF01AF952E02B4B1B7895
S214486D60002B14BF01230023DBB283F00103DBB200
S214486D7003F00103DAB2254B1A70244B1B781A46E7
S214486D800E2123480DF003F93BE0204B1B78002BDF
S214486D9014BF01230023DBB283F00103DBB203F008
S214486DA00103DAB2194B1A70184B1B781A460D2194
S214486DB017480DF0ECF8154B1B781A460E21144868
S214486DC00DF0E5F81DE0114B1B78002B14BF01238E
S214486DD00023DBB283F00103DBB203F00103DAB22F
S214486DE00A4B1A70094B1B781A460E2108480DF0B4
S214486DF0CEF8064B1B781A460F2105480DF0C7F803
S214486E0000BF00BF03B05DF804FB00BF800B402006
S214486E100017294008B5FDF793FCFEE7034613F82C
S214486E20012B002AFBD1181A0138704753B94AB9C2
S214486E30002908BF00281CBF4FF0FF314FF0FF3035
S214486E4000F078B9ADF1080C6DE904CE00F006F80C
S214486E50DDF804E0DDE9022304B070472DE9F04789
S214486E60089D0E4604468E46002B4CD18A429446D0
S214486E7067D9B2FA82F252B101FA02F3C2F120019E
S214486E8020FA01F10CFA02FC41EA030E94404FEA5C
S214486E901C48210CBEFBF8F61FFA8CF708FB16E3D5
S214486EA041EA034306FB07F199420AD91CEB030360
S214486EB006F1FF3080F01E81994240F21B81023E67
S214486EC063445B1AA4B2B3FBF8F008FB103344EAF9
S214486ED0034400FB07F7A7420AD91CEB040400F159
S214486EE0FF3380F00981A74240F2068164440238A5
S214486EF0E41B40EA064000211DB1D4400023C5E902
S214486F000043BDE8F0878B4208D9002D00F0EF809B
S214486F100021C5E900060846BDE8F087B3FA83F1C4
S214486F20002949D1B34202D3824200F2FF80841A34
S214486F3066EB030301209E46002DE2D0C5E9004ECD
S214486F40DFE702B9FFDEB2FA82F2002A40F08E800E
S214486F50A1EB0C064FEA1C471FFA8CF30121B6FB3F
S214486F60F7FE07FB1E60260C46EA004603FB0EF0BB
S214486F70B04208D91CEB06060EF1FF3802D2B042E2
S214486F8000F2D080C646361AA4B2B6FBF7F007FB26
S214486F90106644EA064400FB03F3A34208D91CEBF8
S214486FA0040400F1FF3602D2A34200F2B88030460D
S214486FB0E41A40EA0E409FE7C1F1200722FA07F498
S214486FC08B40234306FA01FC26FA07F420FA07F614
S214486FD046EA0C064FEA134900FA01F8B4FBF9FEF4
S214486FE0300C1FFA83FC09FB1E4440EA04440EFB9F
S214486FF00CF0A04202FA01F20AD91C190EF1FF3A27
S21448700080F08B80A04240F28880AEF1020E1C448D
S214487010241AB6B2B4FBF9F009FB104446EA044415
S21448702000FB0CFCA44507D91C1900F1FF3670D2AA
S214487030A4456ED902381C4440EA0E40A0FB02E63E
S214487040A4EB0C04B442F446B14659D356D0002DAE
S2144870506ED0B8EB0C0364EB0904CB4004FA07F790
S2144870601F43CC40C5E9007400214AE7C2F120001E
S21448707024FA00F10CFA02FC06FA02F326FA00F0AB
S2144870804FEA1C4741EA0306B0FBF7F11FFA8CF3B8
S21448709007FB110E300C40EA0E4001FB03FE864506
S2144870A004FA02F408D91CEB000001F1FF3832D28A
S2144870B0864530D902396044A0EB0E00B6B2B0FB24
S2144870C0F7FE07FB1E0046EA00460EFB03F0B042FA
S2144870D009D91CEB06060EF1FF3818D2B04216D96D
S2144870E0AEF1020E6644361A4EEA014137E72946A3
S2144870F0284606E70646E4E61846F9E6F045A6D2E8
S214487100BEEB020C66EB0303013899469FE7C6467A
S214487110E9E7304690E74146CEE7D64678E7644406
S214487120023845E7AEF1020E66442CE7084603E708
S2144871302946E6E6704700BF10B50139024490423A
S21448714001D1002005E0037811F8014FA34201D091
S214487150181B10BD0130F2E702440346934200D1A3
S214487160704703F8011BF9E7FEE7FEE7FEE7FEE790
S214487170FEE7FEE7FEE7FEE7FEE7FEE782B00190A1
S2144871804FF0E023D3F80C3D23F4E0624FF0E021C3
S214487190019B1343C1F80C3D00BF02B0704782B054
S2144871A003468DF807309DF8073003F01F034FF06D
S2144871B0E0219DF807205209D2B2104601229A4093
S2144871C000F1400341F8232000BF02B0704782B068
S2144871D003468DF807309DF8073003F01F034FF03D
S2144871E0E0219DF807205209D2B2104601229A4063
S2144871F000F1600341F8232000BF02B0704784B016
S21448720003460A468DF8073013468DF806300423A1
S2144872108DF80F309DF806209DF80F3002FA03F1DE
S2144872204FF0E0229DF80730C9B213440A4683F867
S214487230002400BF04B070478EB000230B93002391
S2144872400A9300230D9300230C935F4B09935F4BDF
S2144872500893099B1B680B93099B04330993099B66
S214487260079300230D9366E00D9A13465B0013447C
S2144872709B001A46079B13445B6804930D9A134673
S2144872805B0013449B001A46079B13441B680593F0
S2144872900D9A13465B0013449B001A46079B1344FB
S2144872A09B6819460D9A13465B0013449B001A4682
S2144872B0079B13445B68CB1A0A930A9BDBB203F01E
S2144872C003038DF80F3000230C930CE00C9B9B00B7
S2144872D0049A1A440C9B9B0005990B4412681A6042
S2144872E00C9B01330C939DF80F300A9AD31A9B08CF
S2144872F00C9A9A42EAD30C9B9B00049A1344029336
S2144873000C9B9B00059A1344019300230C930AE0B8
S214487310029A0C9B1A4401990C9B0B4412781A70DB
S2144873200C9B01330C939DF80F300C9A9A42EFD37E
S2144873300D9B01330D930D9A0B9B9A4294D3089B51
S2144873401B680B93089B04330893089B06930023FB
S2144873500D9331E00D9BDB00069A13441B6805939A
S2144873600D9BDB00069A13445B6819460D9BDB00B1
S214487370069A13441B68CB1A0A9300230C9308E01A
S2144873800C9B9B00059A134400221A600C9B013301
S2144873900C930A9B9B080C9A9A42F1D30A9B03F0DB
S2144873A00303002B05D00C9B9B00059A1344002230
S2144873B01A600D9B01330D930D9A0B9B9A42C9D3C5
S2144873C000BF00BF0EB0704728694900746949007D
S2144873D08CB0002309930023089300230B930023C3
S2144873E00A933E4B0793079B1B680993079B0433F6
S2144873F00793079B06933A4B0B9366E00B9A134604
S2144874005B0013449B001A46069B13445B6805932F
S2144874100B9A13465B0013449B001A46069B13447C
S2144874201B6804930B9A13465B0013449B001A464A
S214487430069B13449B6819460B9A13465B001344F5
S2144874409B001A46069B13445B68CB1A0893089B16
S214487450DBB203F003038DF80F3000230A930CE0E9
S2144874600A9B9B00059A1A440A9B9B0004990B4466
S21448747012681A600A9B01330A939DF80F30089ADF
S214487480D31A9B080A9A9A42EAD30A9B9B00059A03
S214487490134402930A9B9B00049A134401930023C7
S2144874A00A930AE0029A0A9B1A4401990A9B0B44DB
S2144874B012781A700A9B01330A939DF80F300A9A7D
S2144874C09A42EFD30B9B01330B930B9A099B9A4234
S2144874D094D300BF00BF0CB0704700BF286949006E
S2144874E00300000000BF7047FEE7044B5B68DBB252
S2144874F003F00303DBB21846704700BF000026407F
S21448750000B587B000230493FFF7EFFF03468DF8D6
S2144875100D3000238DF80F3000238DF80E309D4B2C
S2144875205B691B0CDBB202939A4B5B691B0EDBB2A2
S21448753001939DF80D30022B0CD0022B07DC002B54
S21448754002D0012B08D002E00123049305E0002373
S214487550049302E000BF00E000BF0023059313E059
S2144875608C4A059B03F5886332F813309AB2049B1D
S2144875709BB2884913439AB2059B03F5886321F862
S2144875801320059B01330593059BEF2BE8D9824BC7
S21448759000221A60814B824A1A60824A7E4B5A60A1
S2144875A0029B082B03D17D4B7F4A5A6002E07B4BF7
S2144875B07E4A5A607E4A784B9A60784B7D4A9A60F3
S2144875C07D4A754BDA60754B7C4ADA60724B4FF0F1
S2144875D0D8521A61714B7A4A1A617A4A6E4B5A6186
S2144875E0019B092B03D16D4B774A5A6102E06B4BDE
S2144875F06D4A5A61754A684B9A61754B013B5A0009
S214487600744B1343654A9361734A634BDA61734B11
S214487610013B5A00724B1343604AD361714A5E4B32
S2144876201A62714B013B5A006D4B13435B4A136217
S214487630594B4FF080425A62584B6C4A5A62564BE6
S2144876406B4A9A62554B00229A62534B4FF0CE4291
S214487650DA62524B674ADA624F4B4FF0D0421A63AF
S2144876604E4B654A1A634C4B4FF060425A634B4B3D
S214487670624A5A634E4B03F58003474A9363474B27
S21448768000229A63444B4FF08842DA63434B002209
S214487690DA63BFF34F8FBFF36F8F4FF0E023D3F813
S2144876A0143D03F40033002B07D14FF0E023D3F802
S2144876B0143D03F48033002B26D0BFF34F8FBFF31F
S2144876C06F8F00BFBFF34F8FBFF36F8F00BF4FF072
S2144876D0E023D3F8143D4FF0E02223F40033C2F8F9
S2144876E0143DBFF34F8FBFF36F8F4FF0E023D3F8AF
S2144876F0143D4FF0E02223F48033C2F8143DBFF324
S2144877004F8FBFF36F8F00BF00238DF80F302AE0EE
S2144877109DF80F30214A52F8233003F00103012B1D
S2144877201CD14FF0E0229DF80E30C2F8983D9DF8E7
S2144877300F304FF0E022184951F82330C2F89C3DEC
S2144877409DF80F304FF0E022144951F82330C2F824
S214487750A03D9DF80E3001338DF80E309DF80F3061
S21448776001338DF80F309DF80F300F2BD0D94FF0DE
S214487770E023D3F8943D4FF0E02243F00303C2F8E9
S214487780943DBFF34F8FBFF36F8F00BF07B05DF8D0
S21448779004FB00BF00002640000040204000402078
S2144877A03F000410000000001F0008031D000803E7
S2144877B00020480029000B070000001023000B1685
S2144877C019000B1600000020210008030000402086
S2144877D00F00000001000B03008040200F0000004F
S2144877E001000C13000041200F0000002DC00413B8
S2144877F0000060401300041335000F1727000413D9
S2144878004FF0E023D3F8883D4FF0E02243F470036E
S214487810C2F8883DBFF34F8FBFF36F8F00BF7047E6
S21448782008B5054B1B681B68002B03D0024B1B682A
S2144878301B68984700BF08BD940B402008B5054B09
S2144878401B685B68002B03D0024B1B685B68984735
S21448785000BF08BD940B402086B001908023059356
S2144878600C230493019B0F2B03D8144A019B1360E7
S2144878701FE0019BB3F5887F03D1104B00221A60A6
S21448788017E0019B103B0393059B013B039A13406B
S2144878900293049BDB00029A9A4204D2029BDB08BE
S2144878A0064A136005E0049BDB00029AD31A034A93
S2144878B01360024B1B68184606B07047980B40206A
S2144878C084B00190019B0F2B05D8019B03F500431C
S2144878D05B03039314E0019BB3F5887F05D2019BB5
S2144878E003F5F8735B0303930AE0019BB3F5887FBF
S2144878F003D14FF0D853039302E04FF0FF3303937E
S214487900039B184604B0704784B00190019BB3F5BA
S214487910A00F02D20023039308E0019BB3F5C00FE3
S21448792002D20123039301E0FF230393039B1846E7
S21448793004B0704786B00190802305930C230493C7
S214487940019B103B0393059B013B039A134002930C
S214487950049BDB00029A9A4234BF01230023DBB221
S214487960184606B0704700B587B001900B468DF8AC
S21448797003300023059300238DF813300023039328
S214487980019BB3F5887F04D803AB1946019800F0ED
S2144879901FF8039A0D4B1B681340002B11D00DF1AE
S2144879A013031946019800F053F89DF81330FF2B3F
S2144879B007D09DF813309DF803209A4201D0022341
S2144879C00593059B184607B05DF804FB9C0B4020C2
S2144879D000B587B00190009180230593019B0F2B3B
S2144879E005D81A4BD3F88823009B1A602AE0019BD7
S2144879F0B3F5887F05D1154BD3F89823009B1A60BA
S214487A0020E0019B103B0493049A059BB2FBF3F3DA
S214487A108DF80F300198FFF78DFF0346002B09D0ED
S214487A200A4A9DF80F30E6339B0013445A68009B79
S214487A301A6007E0054A9DF80F30E03352F82320D5
S214487A40009B1A6000BF07B05DF804FB0080264024
S214487A5000B58BB001900091019B09938023079352
S214487A600C230693314B0593314B0493002308931C
S214487A70019B0F2B06D8099B23F003022D4B13447A
S214487A80089343E0019BB3F5887F02D12A4B0893BD
S214487A903CE0019B103B0393039A079BB2FBF3F32E
S214487AA08DF80B30039B079AB3FBF2F2079901FB5C
S214487AB002F29B1A09930198FFF73CFF0346002BF6
S214487AC011D09DF80B301B018DF80A30099BDB0856
S214487AD009939DF80A20059B1A44099B23F0030343
S214487AE01344089312E09DF80B305B018DF80A307A
S214487AF0069BDB00099AD31A09939DF80A20049B33
S214487B001A44099B23F0030313440893089B1A68F6
S214487B10099B03F00303DB0022FA03F3DAB2009B67
S214487B201A7000BF0BB05DF804FB00BF8484264083
S214487B30C08326400084264080842640054B1B6927
S214487B40044A23F00E031361024B024A1B69136171
S214487B5000BF70470080264082B00190019B1B788A
S214487B60184602B0704782B00190019B1B881846A1
S214487B7002B0704782B00190019B1B68184602B05D
S214487B80704710B588B0039002910192029B069305
S214487B90039A069B13430593059B03F00303002BA8
S214487BA00BD1019B032B08D904230793069C039803
S214487BB0FFF7E0FF0346236019E0059B03F0010347
S214487BC0002B0BD1019B012B08D902230793069C57
S214487BD00398FFF7C8FF0346238008E0012307936E
S214487BE00398FFF7B9FF03461A46029B1A70079B8D
S214487BF0184608B010BD84B0019000910423039342
S214487C00009B002B04D0019B002B01D0002303933C
S214487C10039B184604B0704700B585B00190002312
S214487C20039300F091F9039B184605B05DF804FBF2
S214487C3084B001900B468DF8033002230393194B0A
S214487C405A68194B13400293029B002B15D0154BCC
S214487C505B6803F08043002B05D0144B0C221A6057
S214487C600023039302E0114B02221A600D4B5A6818
S214487C700C49029B13404B600FE09DF8033083F09D
S214487C800103DBB2002B03D0084B06221A6004E03F
S214487C9000230393054B00221A60039B184604B042
S214487CA0704700BF00C02E40000010735C0E402096
S214487CB000B589B001900091019B0793009B0693FD
S214487CC00798FFF7A9FF0490049B002B12D1FFF7F3
S214487CD0A7FD0DF10F031A460699079800F05BF8C2
S214487CE00590FFF7ABFD9DF80F3019460798FFF74C
S214487CF09FFF0490049B002B0BD1079A059B1344C7
S214487D000793069A059BD31A0693069B002BD7D152
S214487D1000E000BF00BF09B05DF804FB00B58BB0BB
S214487D20039002910192039B0993029B0893019B3F
S214487D3007930998FFF770FF0590059B002B12D113
S214487D40FFF76EFD0DF11303079A0899099800F09E
S214487D5069F80690FFF772FD9DF8133019460998A2
S214487D60FFF766FF0590059B002B0FD1099A069BE7
S214487D7013440993089A069B13440893079A069B4C
S214487D80D31A0793079B002BD3D100E000BF00BF50
S214487D900BB05DF804FB00B587B0039002910192E2
S214487DA0039B03F00303002B11D1029B032B0ED930
S214487DB0042305930398FFF7DDFE0346B3F1FF3F20
S214487DC00CBF01230023DAB2019B1A7025E0039BFF
S214487DD003F00103002B13D1029B012B10D9022379
S214487DE005930398FFF7BFFE03461A464FF6FF7300
S214487DF09A420CBF01230023DAB2019B1A700CE0AA
S214487E00012305930398FFF7A7FE0346FF2B0CBFF5
S214487E1001230023DAB2019B1A70059B184607B067
S214487E205DF804FB10B586B003900291019200936A
S214487E30039A029B13430493049B03F00303002B0B
S214487E4014D1019B032B11D9042305930398FFF7FC
S214487E5091FE04460298FFF78DFE03469C420CBFEF
S214487E6001230023DAB2009B1A702CE0049B03F02F
S214487E700103002B15D1019B012B12D90223059330
S214487E800398FFF770FE03461C460298FFF76BFE02
S214487E9003469C420CBF01230023DAB2009B1A70AB
S214487EA011E0012305930398FFF756FE03461C4648
S214487EB00298FFF751FE03469C420CBF012300235D
S214487EC0DAB2009B1A70059B184606B010BD00B57E
S214487ED083B000F017F80190094B1B68084A23F452
S214487EE080531360064B1B68054A23F4004313600F
S214487EF000F02AF8019B184603B05DF804FB00BF63
S214487F0000C02E4000B583B0002301930AF032F833
S214487F100C4B1B680B4A23F00103136000BF094B48
S214487F205B6803F40043002BF9D0064B1B68054AF0
S214487F3023F4987313600AF049F8019B184603B077
S214487F405DF804FB00C02E40034B5A680249034BB9
S214487F5013404B6000BF704700C02E40000013F32C
S214487F6000B585B00190019BB3F5887F02D90423FC
S214487F7003931BE0104B1B6803F48873002B02D056
S214487F800223039312E00C4BD3F89430002B02DA0A
S214487F90022303930AE0019800F0B2FC0346092B3B
S214487FA002D00223039301E000230393039B184661
S214487FB005B05DF804FB00BF00C02E4000B589B090
S214487FC0039002910192039800F06AFB0690039B87
S214487FD003F07F030593039B03F00703002B0FD1A1
S214487FE0029B03F00703002B0AD1029A059B134411
S214487FF0802B05D8029B002B02D0019B002B02D178
S214488000042307931BE0104B1B6803F48873002B6C
S21448801002D00223079312E00B4BD3F89430002B80
S21448802002DA022307930AE0069800F069FC034642
S214488030092B02D00223079301E000230793079BEE
S214488040184609B05DF804FB00C02E4000B585B060
S21448805001900B468DF8033000230393019800F0F7
S214488060B7F8084B1B681B0C8DF80B309DF80B2097
S2144880709DF803309A42F1D1039B184605B05DF847
S21448808004FB00BF00C02E400C4B0022C3F8002162
S2144880900A4B1B68094A43F48073136000BF074BBA
S2144880A01B6803F48073002BF9D0044B1B68034A03
S2144880B023F48073136000BF704700BF00C02E4093
S2144880C08AB0039002910192029B0993029B0893FF
S2144880D0039B079300230593019B0693029B03F09B
S2144880E00303002B20D1079B013305933749099B8F
S2144880F01A68079B403341F823203449099B5A683D
S214488100059B403341F82320099B08330993079B76
S21448811002330793069B083B0693069B002B52D0D8
S214488120079B1E2BDFD94EE0079B01330593089B20
S2144881301B780493089B01331B781A02049B13434D
S2144881400493089B02331B781A04049B1343049336
S214488150089B03331B781A06049B134304931B4956
S214488160049A079B403341F82320089B04331B7826
S2144881700493089B05331B781A02049B1343049305
S214488180089B06331B781A04049B13430493089BE6
S21448819007331B781A06049B134304930B49049A27
S2144881A0059B403341F82320089B08330893079BD8
S2144881B002330793069B083B0693069B002B02D088
S2144881C0079B1E2BB0D900BF0AB0704700C02E4090
S2144881D082B00190034A019BC2F8003300BF02B048
S2144881E0704700BF00802640034B1B69024A23F0B5
S2144881F00103136100BF70470080264084B0019099
S21448820001238DF80F30019BB3F5800F0ED0019BEC
S214488210B3F5A00F0AD0019BB3F1805F06D0019B4F
S214488220B3F1D85F02D000238DF80F309DF80F3099
S214488230184604B0704782B000230193114BD3F818
S2144882409430104A23F04003C2F8943000BF0D4BD8
S214488250D3F8943003F00103002BF8D1094BD3F838
S214488260943003F04003002B06D1064BD3F89430E5
S21448827003F00103002B01D002230193019B18460B
S21448828002B0704700C02E4082B000230193194BBD
S2144882905B680093009A184B13400093009B43F08A
S2144882A040430093134A009B5360124BD3F89430D4
S2144882B0104A23F40073C2F8943000BF0D4BD3F82D
S2144882C0943003F00103002BF8D10A4BD3F89430CE
S2144882D003F40073002B06D1064BD3F8943003F012
S2144882E00103002B01D002230193019B184602B0DC
S2144882F0704700BF00C02E40FFFFEC0C84B00190D2
S214488300019B002B18D100238DF80F300BE01A4A3A
S2144883109DF80F302633002142F823109DF80F3081
S21448832001338DF80F309DF80F30082BEFD9124BDC
S2144883300022C3F8BC201CE000238DF80F300FE065
S2144883409DF80F100C489DF80F30019A52F82120DE
S214488350263340F823209DF80F3001338DF80F3030
S2144883609DF80F30082BEBD9034A019B5B6AC2F88D
S214488370BC3000BF04B0704700C02E4084B00190A7
S214488380019B002B03D0019B012B1FD03DE0294BBE
S2144883905B680393039A284B13400393039B43F06D
S2144883A040430393234A039B5360224BD3F89430AD
S2144883B0204A43F48073C2F894301E4BD3F8943066
S2144883C01C4A23F08043C2F894302FE0194B5B6870
S2144883D00393039A184B13400393039B43F040437D
S2144883E00393144A039B5360124BD3F89430114AB4
S2144883F043F48073C2F894300E4BD3F894300D4A49
S21448840043F08043C2F8943010E00A4BD3F89430D7
S214488410084A23F48073C2F89430064BD3F8943055
S214488420044A23F08043C2F8943000BF00BF04B02B
S214488430704700BF00C02E40FFFFEC0C82B0002300
S2144884400193294BD3F8943003F00203002B47D00E
S214488450254BD3F8943003F40073002B3ED0224BC0
S2144884605A682149214B13404B601F4BD3F8943030
S2144884701D4A23F40073C2F894301B4BD3F894304B
S214488480194A23F00203C2F8943000BF164BD3F8BB
S214488490943003F00103002BF8D0134BD3F89430F4
S2144884A0114A43F00403C2F894300F4BD3F8943083
S2144884B00D4A43F00043C2F894300B4BD3F894303F
S2144884C003F40073002B06D1074BD3F8943003F01F
S2144884D00103002B04D10223019301E001230193F9
S2144884E0019B184602B0704700C02E40000010F3AB
S2144884F086B00190009100230593009B00221A60E5
S21448850000238DF8133016E09DF81320019B53F88E
S21448851022300393284A9DF81330263352F82330E6
S214488520039A9A4202D00223059308E09DF8133036
S21448853001338DF813309DF81330082BE4D91E4BC1
S214488540D3F8BC3003F00102019B5B6A9A4201D023
S21448855002230593184BD3F8943003F40073002B8A
S2144885600DD0154B5B6803F08043002B01D03022BA
S21448857000E03122009B1A600223059317E00E4B59
S214488580D3F894300C4A23F02403C2F894300A4BAC
S214488590D3F89430084A23F00203C2F89430064BC6
S2144885A0D3F89430044A23F00043C2F89430059B2D
S2144885B0184606B0704700BF00C02E4082B0002361
S2144885C00093164B5B680093009B002B0DDA009ACD
S2144885D0134B13400093009B43F0404300930F4ACD
S2144885E0009B53600B23019314E0009B03F08043E9
S2144885F0002B0DD0009A0A4B13400093009B43F083
S21448860040430093054A009B53600C23019301E0C6
S21448861000230193019B184602B0704700C02E40C5
S214488620FFFFECCC84B00190019B0393144B4FF0B2
S214488630FF32C3F80021124BD3F89430104A43F067
S2144886400203C2F894300E4BD3F894300C4A23F009
S2144886500203C2F8943000BF094BD3F8943003F0B5
S2144886600103002BF8D0064BD3F89430044A23F085
S2144886700043C2F89430039B184604B0704700BFC6
S21448868000C02E4082B003468DF80730034A9DF856
S2144886900730137000BF02B0704700BF580E402026
S2144886A084B00190019BB3F1D85F07D3019B154A6C
S2144886B0934203D24FF4887303931FE0019BB3F1B0
S2144886C0805F09D3019B104A934205D8019B03F16A
S2144886D070435B0B039311E0019BB3F5800F0AD3FD
S2144886E0019BB3F5C00F06D2019BA3F580035B0B35
S2144886F01033039302E040F211130393039B18468A
S21448870004B070470020001BFFFF011000B585B07D
S2144887100190019BB3F1D85F06D3019B124A93425E
S21448872002D20923039319E0019BB3F1805F06D375
S214488730019B0E4A934202D8082303930EE0019BFE
S214488740B3F5800F08D3019BB3F5C00F04D2019848
S214488750FFF7DAF8039001E0FF230393039B1846DC
S21448876005B05DF804FB00BF0020001BFFFF0110AA
S21448877084B0019000230393019B082B11D0019BE2
S214488780082B12D8019B002B03D0019B012B04D049
S2144887900BE04FF48003039308E04FF4A0030393E1
S2144887A004E04FF08053039300E000BF039B184655
S2144887B004B0704700B585B001900B468DF803307D
S2144887C0019800F09DF80390039B042B12D0039B5E
S2144887D00A2B02D1002303930CE09DF80330194678
S2144887E00198FFF7C0F80390039B002B02D101982D
S2144887F000F005F8039B184605B05DF804FB00B585
S21448880085B0019009F008FC019B0F2B12D83A4B13
S214488810D3F88823394B1B6837491343C1F8883344
S214488820354BD3F84823354B1B6833491343C1F8B7
S21448883048335BE0019BB3F5887F12D12E4BD3F8C3
S21448884098232E4B1B682C491343C1F898332A4B60
S214488850D3F85823294B1B6827491343C1F8583384
S21448886044E0019B103B0393039BDB09029301986A
S214488870FFF760F80346002B1ED01F4A029BE633DC
S2144888809B0013445A681D4B1B681B491A43029B9E
S214488890E6339B000B445A60174A029BD6339B002C
S2144888A013445A68154B1B6813491A43029BD63320
S2144888B09B000B445A6019E00F4A029BE03352F87B
S2144888C023200E4B1B680C491A43029BE03341F8A1
S2144888D02320094A029BD03352F82320074B1B68B3
S2144888E005491A43029BD03341F8232009F0C0FBC0
S2144888F000BF05B05DF804FB008026409C0B402076
S21448890000B585B00190019BB3F5887F02D9042352
S21448891003930BE0019800F00EF80290029B002BA0
S21448892002D10923039301E00A230393039B1846C5
S21448893005B05DF804FB00B587B0019000230593A9
S2144889400198FEF789FF0346224A1360214B1B68AD
S214488950012202FA03F3204A1360019B0F2B07D823
S2144889601E4BD3F848231C4B1B68134005932BE03B
S214488970019BB3F5887F07D1184BD3F85823164B7D
S2144889801B68134005931FE0019B103B0493049B10
S214488990DB0903930198FEF7CDFF0346002B0AD068
S2144889A00E4A039BD6339B0013445A680A4B1B68EF
S2144889B01340059308E0094A039BD03352F8232016
S2144889C0054B1B6813400593059B184607B05DF892
S2144889D004FB00BF980B40209C0B4020008026409C
S2144889E000B585B001900B468DF803300198FFF727
S2144889F087FF0390039B042B16D0039B092B02D1B9
S214488A000023039310E09DF8033019460198FEF7BB
S214488A10AAFF0390039B002B06D109F04FFB019851
S214488A2000F007F809F076FB039B184605B05DF89A
S214488A3004FB00B585B00190019B0F2B0AD8244B48
S214488A40D3F84823234B1B68DB4321491340C1F81E
S214488A50483339E0019BB3F5887F0AD11C4BD3F8DD
S214488A6058231C4B1B68DB4319491340C1F858333D
S214488A702AE0019B103B0393039BDB090293019872
S214488A80FEF758FF0346002B10D0114A029BD633F8
S214488A909B0013445A680F4B1B68DB430C491A402B
S214488AA0029BD6339B000B445A600DE0084A029B53
S214488AB0D03352F82320074B1B68DB4304491A403F
S214488AC0029BD03341F8232000BF05B05DF804FB75
S214488AD0008026409C0B402000B585B00190FFF7EB
S214488AE083FBFFF72BF8FFF7F2F90390034A019B45
S214488AF01360039B184605B05DF804FB940B4020B2
S214488B0000B583B0FFF7FEF90190019B184603B005
S214488B105DF804FB82B00D4B5B6803F40043002B02
S214488B2002D1012301930DE0084B5B6803F45033F0
S214488B300093009BB3F5804F02D10023019301E0D8
S214488B4002230193019B184602B0704700C02E408E
S214488B5000B585B001900B468DF803300198FEF7B6
S214488B60AFFE0290029BB3F1FF3F02D1042303936A
S214488B7034E01D4B00221A600198FFF7F1F9039084
S214488B8009F0EEFA039B002B0DD1FFF7DDF99DF8AF
S214488B90033019460298FFF759FA0390039B032BB4
S214488BA001D1FFF771FA039B002B15D10F4B00221A
S214488BB0C3F800210D4B1B680C4A43F010031360A2
S214488BC00B4B1B78002B07D0FEF72AFE074B1B687B
S214488BD0064A43F00103136009F0EEFA039B184671
S214488BE005B05DF804FB00BFA80B402000C02E402F
S214488BF0580E402000B583B0FFF78CFF0190019BCC
S214488C00012B0FD009F0FEFA094B1B68084A23F0DF
S214488C1001031360064B1B68054A23F010031360D4
S214488C2009F01CFB019B184603B05DF804FB00BF27
S214488C3000C02E4000B587B00390029101928DF88F
S214488C400330039B03F07F03264A1360264B11220A
S214488C501A60264B00221A60019A02990398FFF779
S214488C60ADF9059009F020FB059B002B02D0059B2B
S214488C700C2B0ED1FFF768F99DF803301946039878
S214488C80FFF7E4F90346032B03D1FFF7FDF9032367
S214488C900593059B002B02D0059B0C2B1BD1039BF1
S214488CA09B0803F01F030493029A01990498FFF760
S214488CB007FA0F4B1B680E4A43F4807313600D4B3C
S214488CC01B78002B07D0FEF7ABFD094B1B68084AFC
S214488CD043F00103136009F013FB059B184607B0E1
S214488CE05DF804FBA00B4020A40B4020A80B4020B6
S214488CF000C02E40580E402000B583B0FFF70AFF4C
S214488D000190019B012B0FD009F020FB094B1B68F3
S214488D10084A23F001031360064B1B68054A23F4F0
S214488D208073136009F03EFB019B184603B05DF85C
S214488D3004FB00BF00C02E4000B58BB003900291E4
S214488D400192039B0993019B0893029B0793019901
S214488D500298FEF750FF03461F4A13601E4B1B68D7
S214488D60002B33D11C4B01221A601C4B00221A6080
S214488D7009F090FB0998FEF74FFF0590059B002BDE
S214488D800ED1FEF74DFD079A08990998FEF7F9FEA9
S214488D900690FEF753FD01210998FEF749FF059016
S214488DA0059B002B0FD1099A069B13440993089AF2
S214488DB0069B13440893079A069BD31A0793079B68
S214488DC0002BD7D100E000BF09F090FB024B1B6890
S214488DD018460BB05DF804FB5C0E4020A80B4020FC
S214488DE000B585B0039002910192029B002B03D1F7
S214488DF0104B04221A6016E00E4B01221A600E4BE6
S214488E0000221A6009F0F4FA019B002B05D0029A5A
S214488E1001990398FEF782FF03E002990398FEF74C
S214488E2047FF09F011FB034B1B68184605B05DF871
S214488E3004FB00BF5C0E4020A80B402000B587B05E
S214488E4003900291019200930398FFF7D7F90346DF
S214488E5083F00103DBB2002B02D00423059305E020
S214488E60294B00221A60FFF7E9FA0590059B002B6C
S214488E7045D109F057FC254B254AC3F89420234B87
S214488E80D3F89430002B02DB0223059335E09DF897
S214488E90203019460398FFF7D9F80590059B002B14
S214488EA027D11A4B4FF0FF32C3F80021029B012B03
S214488EB008D1164BD3F89430144A43F00403C2F84A
S214488EC0943007E0114BD3F89430104A23F004034B
S214488ED0C2F894300198FFF751FA0098FFF70EFA57
S214488EE00A4BD3F89430094A43F00203C2F8943048
S214488EF003E00598FFF796FB059009F03FFC059BB5
S214488F00184607B05DF804FBA80B402000C02E406A
S214488F109999F9F900B585B001900091002303931B
S214488F20019B002B02D0009B002B02D10423039305
S214488F302AE0009B00221A6009F0FEFA154BD3F887
S214488F40943003F00203002B1AD0124BD3F8943017
S214488F5003F00103002B10D00E4BD3F8943003F0E7
S214488F604003002B03D0009B17221A600AE00099A2
S214488F700198FFF7BDFA039004E00123039301E04C
S214488F800323039309F004FB039B184605B05DF8DA
S214488F9004FB00BF00C02E4000B583B000230193F9
S214488FA01D4BD3F8943003F00203002B2BD01A4BFA
S214488FB0D3F8943003F04103002B24D109F00EFB7C
S214488FC0154BD3F89430144A43F04003C2F8943013
S214488FD009F030FB00BF104BD3F8943003F0010380
S214488FE0002BF8D00C4BD3F8943003F04003002BFA
S214488FF006D0094BD3F8943003F00103002B05D173
S2144890000223019302E00223019300E000BF019B84
S214489010184603B05DF804FB00C02E4000B583B088
S21448902000230193134BD3F8943003F00203002B2C
S21448903019D009F025FB0F4BD3F8943003F04103C1
S214489040412B03D1FFF7F7F8019009E0094BD3F815
S214489050943003F40073002B02D0FFF715F9019003
S21448906009F03AFB01E002230193019B184603B03E
S2144890705DF804FB00C02E4000B587B0039002910F
S214489080019200930398FFF7B9F8034683F001036B
S214489090DBB2002B02D00423059305E0314B0022B7
S2144890A01A60FFF7CBF9059009F08EFB059B002B5D
S2144890B051D12D4B2D4AC3F894202B4BD3F89430DE
S2144890C0002B02DB0223059345E09DF82030194625
S2144890D00398FEF7BBFF0590059B002B37D1224B24
S2144890E04FF0FF32C3F800211F4BD3F894301E4A86
S2144890F043F00403C2F894300298FFF73FF91A4B3E
S214489100D3F89430184A43F02003C2F89430019BB1
S214489110012B08D1144BD3F89430134A43F010036C
S214489120C2F8943007E0104BD3F894300E4A23F038
S2144891301003C2F894300098FFF7E0F80A4BD3F8CB
S2144891409430094A43F00203C2F8943003E0059885
S214489150FFF768FA059009F063FB059B184607B0C9
S2144891605DF804FBA80B402000C02E409999F9F9F9
S21448917000B58DB00390029113468DF80730002352
S2144891800B9300230A93002305930023049300239C
S21448919009930398FFF7BAFA0890089BFF2B00F04C
S2144891A0B0805A4B00221A60FFF748F90B900B9B89
S2144891B0002B40F0A48009F059FB554B5B68099397
S2144891C0099A544B13400993099B43F0404309932B
S2144891D04F4A099B53604E4B4F4AC3F894204C4B1A
S2144891E0D3F89430002B02DB02230B9385E00898D3
S2144891F0FFF7BEFA0790039A079BD31A0693069B77
S21448920003F01F030A930A9BDB080A93404BD3F8E4
S21448921094303F4A43F48053C2F894303C4BD3F8DA
S21448922094303B4A43F08043C2F89430384A029B15
S2144892301B68C2F8D030029B0433354A1B68C2F814
S214489240D430334B0022C3F8D820314BD3F8D8203B
S2144892509DF807302E491343C1F8D8302C4B1A696D
S2144892602B492E4B13400B61294B1A690121089B49
S21448927001FA03F3DB04264913430B61244B1A69AE
S214489280069BDB085900264B0B40214913430B61CC
S2144892901F4BD3F8D82001210A9B01FA03F31B067B
S2144892A01B491343C1F8D830BFF34F8FBFF36F8FB6
S2144892B0039B1B680593039B04331B680493FFF7C3
S2144892C07DF90B90124B00221A61114BD3F894305B
S2144892D00F4A23F48053C2F894300D4BD3F8943099
S2144892E00B4A23F08043C2F89430094BD3F89430A5
S2144892F0074A23F00043C2F8943009F0E3FA059B86
S214489300049B0B9B18460DB05DF804FBA80B402049
S21448931000C02E40FFFFECCC9999F9F90100C0FE39
S214489320FEFF070000B58DB00390029113468DF8F6
S214489330073000230B9300230A930023059300234A
S2144893400493002309930398FFF7E0F90890089BD5
S214489350FF2B00F0B0805B4B00221A60FFF76EF8D8
S2144893600B900B9B002B40F0A68009F0D1FA564B89
S2144893705B680993099A554B13400993099B43F038
S21448938050430993504A099B53604F4B504AC3F881
S21448939094204D4BD3F89430002B02DB02230B93DA
S2144893A087E00898FFF7E4F90790039A079BD31AD3
S2144893B00693069B03F01F030A930A9BDB080A934F
S2144893C0414BD3F89430404A43F40053C2F89430A3
S2144893D03D4A029B1B68C2F8DC30029B04333A4A7B
S2144893E01B68C2F8E030384B0022C3F8E420364BFE
S2144893F0D3F8E4209DF8073033491343C1F8E430E6
S214489400314B1A693049334B13400B612E4B1A695E
S2144894100121089B01FA03F3DB042B4913430B6134
S214489420294B1A69069BDB0859002B4B0B402649EB
S21448943013430B61244BD3F8E42001210A9B01FA1D
S21448944003F31B0620491343C1F8E430BFF34F8F9C
S214489450BFF36F8F039B1B680593039B04331B68FE
S2144894600493194B5B680993099B03F08053002BC0
S2144894700CD0099A154B13400993099B43F0504367
S2144894800993114A099B53600B230B930E4B0022FA
S2144894901A610D4BD3F894300B4A23F40053C2F8A4
S2144894A09430094BD3F89430074A23F00043C2F867
S2144894B0943009F059FA059B049B0B9B18460DB04F
S2144894C05DF804FBA80B402000C02E40FFFFECDCF4
S2144894D09999F9F90100C0FEFEFF070000B589B06A
S2144894E001900091022307930023029300230693DA
S2144894F00198FFF70BF90590059BFF2B00F08E802F
S214489500494B00221A60FEF799FF0790079B002BED
S21448951040F0848009F04EFA444B5B680693069AFE
S214489520434B13400693069B43F0005306933F4A2B
S214489530069B53603D4B3F4AC3F894203B4BD3F8B9
S2144895409430002B02DB0223079365E00598FFF76B
S2144895500FF90490019A049BD31A0393334BD3F81C
S2144895609430324A43F48043C2F894302F4A009BE2
S2144895701B68C2F8E830009B04331B682B4AC3F3C9
S2144895801303C2F8EC30294B1A6928492A4B134072
S2144895900B61264B1A690121059B01FA03F3DB048C
S2144895A0224913430B61214B1A69039BDB08590078
S2144895B0224B0B401D4913430B61BFF34F8FBFF33C
S2144895C06F8F019B1B680293184B5B680693069B3C
S2144895D003F00053002B0CD000230793069A144B35
S2144895E013400693069B43F0005306930F4A069B88
S2144895F053600E4B00221A610C4BD3F894300B4A3A
S21448960023F48043C2F89430084BD3F89430074A82
S21448961023F00043C2F8943009F0F8F9029B079B00
S214489620184609B05DF804FBA80B402000C02E4041
S214489630FFFFEC2C9999F9F90100C0FEFEFF0700E0
S21448964084B04FF0FF330393364B1B690193019B5D
S2144896505B08C3F311030293029BDB000293324B71
S2144896601B68112B04D1314B1B68029A1344029392
S214489670019B03F0FC730093019B002B08DA019BC7
S21448968003F40023002B48D04FF0D853039344E00C
S214489690009BB3F1807F3BD0009BB3F1807F3BD8E3
S2144896A0009BB3F5000F2FD0009BB3F5000F33D8BF
S2144896B0009BB3F5800F23D0009BB3F5800F2BD8C3
S2144896C0009BB3F5001F16D0009BB3F5001F23D8A8
S2144896D0009BB3F5002F04D0009BB3F5801F05D040
S2144896E01AE0029B03F58003039316E0029B03F5FA
S2144896F0A003039311E0029B03F1805303930CE00D
S214489700029B013B039308E0029B013B039304E062
S214489710029B013B039300E000BF039B184604B03E
S214489720704700BF00C02E40A40B4020A00B40202E
S214489730024B0B221A6000BF704700BF5C0E4020E9
S21448974082B00190009100BF02B0704700B585B066
S2144897500190244B1B680221184603F099FE00230B
S2144897608DF80F3017E0019B5A6B9DF80F301B01A0
S21448977013441968019B5A6B9DF80F301B0113441C
S2144897800833D3E90023084601F0DBFB9DF80F3089
S21448979001338DF80F30019BDB7C9DF80F209A42F1
S2144897A0E1D300F023F801238DF80F300EE0019B3B
S2144897B05B6C9DF80F2053F832300B499DF80F200C
S2144897C0CA549DF80F3001338DF80F30019BDB7D6E
S2144897D09DF80F209A42EAD300BF00BF05B05DF857
S2144897E004FB00BFB40B4020B80B402008B5234B01
S2144897F01B7883F00103DBB2002B3DD01F4B0122C0
S2144898001A701F4B5B680021002098471C4B9B68CA
S214489810572098471B4B1B68002098471A4B1B68D5
S21448982000209847194B1B6800209847184B5B68E0
S21448983000209847164B9B6800209847154B1B6896
S21448984000209847134B5B68002100209847124B2E
S2144898501B6800209847114B5B68002098470F4BC1
S2144898609B68002098470E4B5B68002098470D4B36
S2144898701B6800210020984700BF08BDAC0B40205D
S21448988088684900E8674900FC6749000C68490051
S2144898903C6849004868490058684900A868490033
S2144898A0F8684900F068490000B585B00190019B0A
S2144898B0DB7B03931FE0019B5B6A039A013A53F8EC
S2144898C0322057491346DB0013440B4401331B78B8
S2144898D01A46544B9B5C0293534A029B52F83330C9
S2144898E0019A516A039A013AD2000A4410469847A8
S2144898F0039B013B0393039B002BDCD1019B9B7C82
S214489900039324E0019B1A6B039B013B1B01134402
S2144899101A6843491346DB0013440B4401331B784B
S2144899201A46424B9B5C02934149029A13465B0097
S21448993013449B000B441B68019A116B039A013A27
S21448994012010A4410469847039B013B0393039B26
S214489950002BD7D1019B9B7B03932AE0019B196A76
S214489960039B5A1E13469B001344DB000B441A689D
S2144899702B491346DB0013440B4401331B781A4625
S2144899802C4B9B5C02932C49029A13469B0013442B
S2144899909B000B441968019B186A039B5A1E134682
S2144899A09B001344DB00034418468847039B013B4F
S2144899B00393039B002BD1D1019B5B7B039327E04A
S2144899C0019BD969039B5A1E13469B0013449B0070
S2144899D00B441A6812491346DB0013440B44013300
S2144899E01B781A46154B9B5C0293154A029B1B0133
S2144899F013441968019BD869039B5A1E13469B005B
S214489A0013449B00034418468847039B013B039333
S214489A10039B002BD4D100BF00BF05B05DF804FB04
S214489A204C59490028594900F868490010594900D6
S214489A303C6849001C594900A8684900EC58490048
S214489A400C68490000B585B001900123039301983E
S214489A5000F018F80A4B1B78002B0AD000F058FB89
S214489A600290029B002B06D100F0D6FB00230393FE
S214489A7001E000230393039B184605B05DF804FBFA
S214489A80B00B402010B584B00190984A019B1360F3
S214489A900121019803F0FCFC944B1B68002B2ED048
S214489AA00023039325E0019B196C039A1346DB00B9
S214489AB09B1A9B000B441A688D491346DB001344D7
S214489AC00B4401331B781A468A4B9B5C02938A4A9E
S214489AD0029B1B0113441968019B186C039A134692
S214489AE0DB009B1A9B00034418468847039B0133B8
S214489AF00393019B9B7D1A46039B9342D3D30198BD
S214489B00FFF7D2FE0023039328E0019B9969039A46
S214489B1013465B0013449B000B441A68744913466B
S214489B20DB0013440B4401331B781A46734B9B5C8B
S214489B3002937349029A13465B0013449B000B44F6
S214489B401968019B9869039A13465B0013449B0067
S214489B50034418468847039B01330393019B1B7BAA
S214489B601A46039B9342D0D30198FFF7EFFD002394
S214489B70039326E0019BD969039A13469B00134436
S214489B809B000B441A685A491346DB0013440B449F
S214489B9001331B781A465B4B9B5C02935A4A029BDE
S214489BA01B01134404331968019BD869039A13466A
S214489BB09B0013449B00034418468847039B013385
S214489BC00393019B5B7B1A46039B9342D2D30023A5
S214489BD0039325E0019BD96B039A13465B00134415
S214489BE0DB000B441A6842491346DB0013440B4417
S214489BF001331B781A46454B9B5C0293444A029BAA
S214489C0052F82340019BD96B039A13465B001344D2
S214489C10DB000B4403991846A047039B0133039384
S214489C20019B5B7D1A46039B9342D3D30023039341
S214489C3024E0019BD96A039A13465B0013449B00B1
S214489C400B441A682A491346DB0013440B44013375
S214489C501B781A462F4B9B5C02932F4A029B52F85E
S214489C603310019BD86A039A13465B0013449B0043
S214489C70034418468847039B01330393019B5B7C48
S214489C801A46039B9342D4D30023039324E0019BB4
S214489C90996A039A13465B0013449B000B441A6860
S214489CA013491346DB0013440B4401331B781A460A
S214489CB01A4B9B5C02931A4A029B52F82310019B4C
S214489CC0986A039A13465B0013449B00034418465D
S214489CD08847039B01330393019B1B7C1A46039BCF
S214489CE09342D4D30023039342E000BFB40B4020F2
S214489CF04C5949004059490088684900F858490075
S214489D0058684900EC5849000C68490034594900DD
S214489D10F0684900E0584900FC674900D4584900B3
S214489D20E8674900019BD96A039A13465B001344C7
S214489D309B000B441A6894491346DB0013440B44B3
S214489D4001331B781A46914B9B5C0293904A029BC0
S214489D50DB0013445968019BD86A039A13465B0094
S214489D6013449B00034418468847039B01330393D8
S214489D70019B5B7C1A46039B9342D3D300230393F1
S214489D8029E0019B196A039A13469B001344DB009B
S214489D900B441A687C491346DB0013440B440133D2
S214489DA01B781A467B4B9B5C02937B49029A134668
S214489DB09B0013449B000B4404331968019B186AA4
S214489DC0039A13469B001344DB000344184688470F
S214489DD0039B01330393019B9B7B1A46039B934249
S214489DE0CFD30023039327E0019B196C039A1346AD
S214489DF0DB009B1A9B000B441A6863491346DB003A
S214489E0013440B4401331B781A46644B9B5C0293FD
S214489E10634A029B1B01134404331C68019B196C5C
S214489E20039A1346DB009B1A9B000B44039918467B
S214489E30A047039B01330393019B9B7D1A46039BD4
S214489E409342D1D30023039326E0019BD969039A12
S214489E5013469B0013449B000B441A684A49134612
S214489E60DB0013440B4401331B781A464D4B9B5C6E
S214489E7002934D4A029B1B01134408331968019B01
S214489E80D869039A13469B0013449B00034418461C
S214489E908847039B01330393019B5B7B1A46039BCE
S214489EA09342D2D30023039329E0019B196A039A6D
S214489EB013469B001344DB000B441A68324913468A
S214489EC0DB0013440B4401331B781A46314B9B5C2A
S214489ED002933149029A13469B0013449B000B4455
S214489EE00C331968019B186A039A13469B0013445F
S214489EF0DB00034418468847039B01330393019BC2
S214489F009B7B1A46039B9342CFD30023039323E0BD
S214489F10019B1A6B039B1B0113441A681A49134684
S214489F20DB0013440B4401331B781A461F4B9B5CDB
S214489F3002931F49029A13465B0013449B000B4446
S214489F4004331B68019A116B039A12010A4410469F
S214489F509847039B01330393019B9B7C1A46039BBC
S214489F609342D5D3134B00221A70124B00225A70D4
S214489F70104B01229A700F4B0122DA7000F07AFAE1
S214489F800023039346E000BF4C594900E058490077
S214489F90FC6749001C594900A868490040594900CF
S214489FA088684900EC5849000C684900105949002F
S214489FB03C684900B00B4020019B5A6A039BDB0073
S214489FC013445B68494A52F82330032B1CD0019B44
S214489FD05B6A039A53F8322045491346DB0013441C
S214489FE00B4401331B781A46424B9B5C0293424A09
S214489FF0029BDB0013445B68019A516A039AD200BD
S21448A0000A441046984702E03C4B01221A70039BCC
S21448A01001330393019BDB7B1A46039B9342CBD3C6
S21448A020364B1B7883F00103DBB2002B5AD0002353
S21448A03003931DE0019B9B6B039A53F832202C49EF
S21448A0401346DB0013440B4401331B781A462C4B4B
S21448A0509B5C02932B4A029B52F83330019A916BD1
S21448A060039AD2000A4410469847039B0133039349
S21448A070019B1B7D1A46039B9342DBD30023039325
S21448A08026E0019B196C039A1346DB009B1A9B003B
S21448A0900B441A6816491346DB0013440B44013335
S21448A0A01B781A46184B9B5C0293184A029B1B0166
S21448A0B013440C331968019B186C039A1346DB004B
S21448A0C09B1A9B00034418468847039B0133039317
S21448A0D0019B9B7D1A46039B9342D2D30421019849
S21448A0E003F0D6F900BF04B010BD00BF605E49005B
S21448A0F04C59490028594900F8684900B00B402097
S21448A1000459490048684900405949008868490048
S21448A11000B587B002230593002304932CE0364A03
S21448A120049B52F8232035491346DB0013440B445E
S21448A13001331B781A46324B9B5C03933149039A8A
S21448A14013469B0013449B000B4408331B682A495C
S21448A150049A51F82220104698470290029B012BF9
S21448A16002D1012305930DE0029B022B01D1002367
S21448A1700593049B01330493234B9B781A46049B10
S21448A1809342CCD3059B002B30D10023049327E081
S21448A1901E4A049B52F8232018491346DB001344F2
S21448A1A00B4401331B781A46194B9B5C0393194999
S21448A1B0039A13465B0013449B000B4408331B6802
S21448A1C01249049A51F82220104698470190019B5C
S21448A1D0012B02D10123059308E0049B0133049325
S21448A1E0094BDB781A46049B9342D1D3059B184605
S21448A1F007B05DF804FB00BFA85E49004C5949000B
S21448A2001C594900A8684900B00B4020AC5E49007C
S21448A210105949003C68490000B583B0534B1B6849
S21448A220002B00F09E80002301932CE04F4B1B68C8
S21448A2305A6A019BDB0013445B684D4A52F8233048
S21448A240032B1DD1494B1B685B6A019A53F8322091
S21448A25048491346DB0013440B4401331B781A461F
S21448A260454B9B5C0093454A009BDB0013445B6868
S21448A2703E4A1268516A019AD2000A4410469847E4
S21448A280019B01330193394B1B68DB7B1A46019BC4
S21448A2909342CBD33A4B1B78002B62D000230193D2
S21448A2A01FE0324B1B689B6B019A53F832203149AA
S21448A2B01346DB0013440B4401331B781A46314BD4
S21448A2C09B5C0093304A009B52F83330274A12680A
S21448A2D0916B019AD2000A4410469847019B013375
S21448A2E00193224B1B681B7D1A46019B9342D8D389
S21448A2F00023019328E01D4B1B68196C019A1346EE
S21448A300DB009B1A9B000B441A681A491346DB006D
S21448A31013440B4401331B781A461C4B9B5C009332
S21448A3201B4A009B1B0113440C3319680F4B1B68D0
S21448A330186C019A1346DB009B1A9B000344184688
S21448A3408847019B01330193084B1B689B7D1A463F
S21448A350019B9342CFD3054B1B680421184603F054
S21448A36097F800BF03B05DF804FB00BFB40B40206D
S21448A370605E49004C59490028594900F868490028
S21448A380B00B4020045949004868490040594900E4
S21448A3908868490000B585B001900C49019A134673
S21448A3A0DB0013440B4401331B781A46084B9B5C6E
S21448A3B00393084A039B1B01134408331B68019800
S21448A3C0984700BF05B05DF804FB00BF4C594900EC
S21448A3D0405949008868490082B00190024A019B6A
S21448A3E0136000BF02B07047340D402000B585B0FA
S21448A3F001900C49019A1346DB0013440B44013381
S21448A4001B781A46084B9B5C0393084A039BDB0061
S21448A41013445B6801210198984700BF05B05DF872
S21448A42004FB00BF4C594900045949004868490094
S21448A43000B585B001900C49019A1346DB001344D9
S21448A4400B4401331B781A46084B9B5C0393084A17
S21448A450039BDB0013445B6800210198984700BFC4
S21448A46005B05DF804FB00BF4C5949000459490043
S21448A4704868490008B50D4B1B6857210420984783
S21448A48002F081FF094B1B68572105209847074B68
S21448A4901B6857210620984702F07AFF034B1B6833
S21448A4A057210720984700BF08BD00BF340D4020FD
S21448A4B008B5054B1B680221184602F0E9FF02F072
S21448A4C082FF00BF08BD00BFB40B402008B5054B4F
S21448A4D01B680221184602F0DBFF02F07FFF00BF30
S21448A4E008BD00BFB40B402008B5054B1B680221C9
S21448A4F0184602F0CDFF02F083FF00BF08BD00BF3C
S21448A500B40B402008B5054B1B680221184602F0DC
S21448A510BFFF02F07FFF00BF08BD00BFB40B40205E
S21448A52000B583B001900091044B1B6800990198D0
S21448A530984700BF03B05DF804FB00BF340D4020C9
S21448A54000B585B00390029101920093002004F074
S21448A55066FE0246039B1A60029B00221A60002190
S21448A560009804F092FE0246019B1A6000BF05B0B0
S21448A5705DF804FB00B587B0039002910192002372
S21448A5808DF817300021039804F05BFE0246029BC4
S21448A5901B681A44029B1A60029B1B68019A9A42DF
S21448A5A002D801238DF817309DF81730184607B0A3
S21448A5B05DF804FB82B0019000BF02B0704700B55A
S21448A5C08FB0019000238DF83330019B002B00F0AC
S21448A5D0AA80019B1A6856491346DB0013440B446D
S21448A5E01B780B93019B1A6851491346DB001344AA
S21448A5F00B4404331B780A93019B1A684C4913464C
S21448A600DB0013440B4405331B780993019B1A68F7
S21448A61047491346DB0013440B4402331B78454A2C
S21448A6201B01134408331B680893019B1A6840496A
S21448A6301346DB0013440B4402331B783D4A1B0188
S21448A64013440C331B6807933B490B9A13465B002D
S21448A6501344DA00D21A0A9B134451F82330099A55
S21448A660023253F822300D93019B5B68002B13D0BF
S21448A670089BDB430D9A13400D93019B5B685A1E5B
S21448A680079B9A40089B13400D9A13430D930D9BC6
S21448A69043F000430D9303E00D9B23F000430D93D6
S21448A6A025490B9A13465B001344DA00D21A0A9BD4
S21448A6B0134451F82330099A02320D9943F8221070
S21448A6C003AA04A905A84CF25033FFF739FF1A49E4
S21448A6D00B9A13465B001344DA00D21A0A9B1344BB
S21448A6E051F82330DB6B03F001030693039A04A961
S21448A6F005AB1846FFF73EFF03468DF83330069BFA
S21448A700012B06D19DF8333083F00103DBB2002BD2
S21448A710DDD19DF83330002B05D0019B1B681946C8
S21448A7200120FFF7FDFE00BF0FB05DF804FB00BF39
S21448A7304C594900B05E4900FC5C490000B58FB0F2
S21448A740019000238DF83330019B002B00F0D68013
S21448A750019B1A686B491346DB0013440B441B786D
S21448A7600B93019B1A6867491346DB0013440B4456
S21448A77004331B780A93019B1A6862491346DB0028
S21448A78013440B4405331B780993019B1A685D49AB
S21448A7901346DB0013440B4402331B785A4A1B010A
S21448A7A0134408331B680893019B1A685549134697
S21448A7B0DB0013440B4402331B78534A1B011344F3
S21448A7C00C331B68079351490B9A13465B00134496
S21448A7D0DA00D21A0A9B134451F82330099A0232F7
S21448A7E053F822300D93019B5B68002B13D0089BCF
S21448A7F0DB430D9A13400D93019B5B685A1E079BDB
S21448A8009A40089B13400D9A13430D930D9B43F0B3
S21448A81000430D9303E00D9B23F000430D9302AADB
S21448A82003A904A84CF25033FFF78AFE384BD3F8F6
S21448A830883103F000430693029A03A904AB1846EE
S21448A840FFF798FE03468DF83330069BB3F1004F6A
S21448A85006D09DF8333083F00103DBB2002BE5D1F8
S21448A8609DF83330002B06D0019B1B681946012003
S21448A870FFF756FE0FE025490B9A13465B00134434
S21448A880DA00D21A0A9B134451F82330099A023246
S21448A8900D9943F8221002AA03A904A84CF2503393
S21448A8A0FFF74EFE19490B9A13465B001344DA002D
S21448A8B0D21A0A9B134451F82330DB6B03F001038A
S21448A8C00593029A03A904AB1846FFF753FE0346BE
S21448A8D08DF83330059B012B06D19DF8333083F035
S21448A8E00103DBB2002BDDD19DF83330002B05D0B9
S21448A8F0019B1B6819460120FFF712FE00BF0FB0E8
S21448A9005DF804FB4C594900B05E4900FC5C4900C0
S21448A91000C02D4086B00190019B002B39D0019B8A
S21448A9201A681D491346DB0013440B441B780593ED
S21448A930019B1A6818491346DB0013440B44053339
S21448A9401B780493019B5B68002B22D0134A059B17
S21448A95052F83330049A203253F822300393039B3C
S21448A96043F000430393039B23F470230393019B14
S21448A9705B68013B1B0403F47023039A1343039359
S21448A980064A059B52F83330049A2032039943F816
S21448A990221000BF06B070474C5949005C5D49001C
S21448A9A086B00190019B002B28D0019B1A68154958
S21448A9B01346DB0013440B441B780593019B5B68E6
S21448A9C0002B02D0019B5B6800E0012304930E4AEB
S21448A9D0059B52F833309B680393039B23F0FC4354
S21448A9E00393049B5B0603F0FC43039A13430393C9
S21448A9F0054A059B52F83330039A9A6000BF06B062
S21448AA00704700BF4C5949005C5D490082B00190D0
S21448AA1000BF02B0704784B00190019B002B3ED027
S21448AA20019B1A681F491346DB0013440B441B78E6
S21448AA300393019B1A681B491346DB0013440B44D7
S21448AA4004331B780293019B5B68002B0DD0164994
S21448AA50039A13465B001344DA00D21A029B134447
S21448AA6051F8233001225A6319E00F49039A1346D6
S21448AA705B001344DA00D21A029B134451F8233081
S21448AA80596B0948039A13465B001344DA00D21AF6
S21448AA90029B134450F8233021F001025A6300BF4A
S21448AAA004B070474C594900FC5C490000B58BB06F
S21448AAB0019000238DF82730019B002B56D0019B30
S21448AAC01A682C491346DB0013440B441B7808933A
S21448AAD0019B1A6827491346DB0013440B4404338A
S21448AAE01B780793019B5B68002B3FD02249089A46
S21448AAF013465B001344DA00D21A079B134451F8F6
S21448AB00233001229A6303AA04A905A84CF25033BD
S21448AB10FFF716FD1849089A13465B001344DA00F7
S21448AB20D21A079B134451F82330DB6B03F001031A
S21448AB300693039A04A905AB1846FFF71BFD034680
S21448AB408DF82730069B012B06D19DF8273083F0D9
S21448AB500103DBB2002BDDD19DF82730002B05D052
S21448AB60019B1B6819460120FFF7DAFC00BF0BB0B3
S21448AB705DF804FB4C594900FC5C490082B00190E2
S21448AB8000BF02B0704700B589B0019000238DF829
S21448AB901F30019B002B41D0019B1A682149134660
S21448ABA0DB0013440B441B7806931F4A069B52F857
S21448ABB023301A681C49069B51F8233022F00102BC
S21448ABC01A6002AA03A904A84CF25033FFF7B8FC4F
S21448ABD0154A069B52F823305B68DB0F03F00103E7
S21448ABE00593029A03A904AB1846FFF7C3FC03462D
S21448ABF08DF81F30059B012B06D19DF81F3083F03A
S21448AC000103DBB2002BE3D19DF81F30002B05D0A3
S21448AC10019B1B6819460120FFF782FC00BF09B05C
S21448AC205DF804FB4C594900545D490084B00190D6
S21448AC30019B002B2DD0019B1A6817491346DB0051
S21448AC4013440B441B780393019B1B89002B20D08D
S21448AC50019B1B7BDA07019B5B891B0403F47F037C
S21448AC601A43019B9B7B1B01DBB21A43019B5B7B10
S21448AC701B0603F080731A43019B5B7C9B0003F022
S21448AC8004031A430549039B51F8233042F0010256
S21448AC901A6000BF04B070474C594900545D4900DB
S21448ACA000B589B0019000238DF81F30019B002B1A
S21448ACB048D0019B1A6825491346DB0013440B44C9
S21448ACC01B780693019B1B89002B3BD0019B5B7B23
S21448ACD0002B37D0019B1B7B002B2DD102AA03A942
S21448ACE004A84CF25033FFF72BFC194A069B52F83F
S21448ACF023305B68DB0F03F001030593029A03A930
S21448AD0004AB1846FFF736FC03468DF81F30059B04
S21448AD10002B06D19DF81F3083F00103DBB2002BD1
S21448AD20E3D19DF81F30002B0CD0019B1B681946B9
S21448AD300120FFF7F5FB05E0019B1B68194602203A
S21448AD40FFF7EEFB00BF09B05DF804FB4C5949001D
S21448AD50545D490084B00190019B002B18D0019B9C
S21448AD601A680D491346DB0013440B441B780393BB
S21448AD70019B1B89012B0BD1084A039B52F82330B1
S21448AD801A680649039B51F8233042F001021A60BC
S21448AD9000BF04B0704700BF4C594900545D490095
S21448ADA084B00190019B002B14D0019B1A680B4974
S21448ADB01346DB0013440B441B780393084A039B53
S21448ADC052F823301968064A039B52F82320054B4D
S21448ADD00B40136000BF04B0704700BF4C59490091
S21448ADE0545D49003EFF00F084B00190019B002B63
S21448ADF037D0019B1A681C491346DB0013440B44A2
S21448AE001B780393019B1B89002B2AD0174A039B68
S21448AE1052F823301B680293029A154B134002934C
S21448AE20019B5B891B0403F47F02019B9B7B9B0170
S21448AE30DBB21A43019B9B7C9B0603F040631A4394
S21448AE40019BDB7C1B0603F040731A43029B1343AB
S21448AE5043F001030293054A039B52F82330029AB3
S21448AE601A6000BF04B070474C594900545D490009
S21448AE703EFF00F000B589B0019000238DF81F30E2
S21448AE80019B002B44D0019B1A6823491346DB00DC
S21448AE9013440B441B780693019B1B89002B37D021
S21448AEA0019B1B7B002B2DD102AA03A904A84CF2B8
S21448AEB05033FFF745FB194A069B52F823305B6828
S21448AEC0DB0F03F001030593029A03A904AB184667
S21448AED0FFF750FB03468DF81F30059B002B06D125
S21448AEE09DF81F3083F00103DBB2002BE3D19DF8B9
S21448AEF01F30002B0CD0019B1B6819460120FFF71A
S21448AF000FFB05E0019B1B6819460220FFF708FB6C
S21448AF1000BF09B05DF804FB4C594900545D490030
S21448AF2082B0019000BF02B0704700BF82B0019067
S21448AF3000BF02B0704782B001900023184602B0A6
S21448AF40704784B00390CDE9002300BF04B0704733
S21448AF5082B0019000BF02B0704782B001900B46A5
S21448AF608DF8033000BF02B0704700B58BB0039031
S21448AF7002910192009300238DF82730454A039B9F
S21448AF8052F82330029A53F82220019B1340002B94
S21448AF907CD1404A039B52F82330029A53F8221039
S21448AFA03C4A039B52F82330019A1143029A43F8CD
S21448AFB02210394A039B52F823301A683649039BB5
S21448AFC051F8233042F001021A60334A039B52F884
S21448AFD023305A683049039B51F8233042F0010227
S21448AFE05A6002F0DAF92C4A039B52F823305B6821
S21448AFF003F001030893294A039B52F82330029A28
S21448B00053F82230019A13400793089B002B03D12C
S21448B010019A079B9A4239D004AA05A906A84CF279
S21448B0205033FFF78DFA049A05A906AB1846FFF782
S21448B030A1FA03468DF82730174A039B52F8233067
S21448B0405B6803F001030893144A039B52F82330C5
S21448B050029A53F82230019A13400793089B002B14
S21448B06003D1019A079B9A4207D09DF8273083F070
S21448B0700103DBB2002BD6D100E000BF9DF8273095
S21448B080002B03D000990120FFF74AFA00BF0BB007
S21448B0905DF804FB305E4900505E4900405E49005A
S21448B0A000B58BB0039002910192009300238DF86F
S21448B0B02730454A039B52F82330029A53F82220F9
S21448B0C0019B1340002B7BD03F4A039B52F823300A
S21448B0D0029A53F82210019BDA433B48039B50F8E8
S21448B0E023301140029A43F82210384A039B52F8FC
S21448B0F023301A683549039B51F8233042F0010241
S21448B1001A60324A039B52F823305A682F49039BE9
S21448B11051F8233042F001025A6002F03EF92B4AB9
S21448B120039B52F823305B6803F001030893284AD0
S21448B130039B52F82330029A53F82230019A134060
S21448B1400793089B002B02D1079B002B38D004AAF4
S21448B15005A906A84CF25033FFF7F2F9049A05A958
S21448B16006AB1846FFF706FA03468DF82730174A07
S21448B170039B52F823305B6803F001030893144A94
S21448B180039B52F82330029A53F82230019A134010
S21448B1900793089B002B02D1079B002B07D09DF8EE
S21448B1A0273083F00103DBB2002BD7D100E000BF85
S21448B1B09DF82730002B03D000990120FFF7B0F9FF
S21448B1C000BF0BB05DF804FB305E4900505E490096
S21448B1D0405E490000B587B00190019B002B28D0FF
S21448B1E0019B1A6815491346DB0013440B44063383
S21448B1F01B78DB00124A13440593059B1B7804937F
S21448B200059B5B780393059B5B680293019B9B8831
S21448B210002B07D0019B1B68029A03990498FFF7F6
S21448B220A4FE06E0019B1B68029A03990498FFF760
S21448B23037FF00BF07B05DF804FB00BF4C59490014
S21448B2400061490000B585B001900B468DF8033083
S21448B250019B02939DF80330002B03D00023ADF8E2
S21448B2600C3002E00123ADF80C3002AB1846FFF76D
S21448B270B1FF00BF05B05DF804FB00BF82B0019087
S21448B28000BF02B0704782B0019000BF02B070475E
S21448B29082B00190019B002B10D0019B9B88002B0D
S21448B2A006D0084B9B68074A43F00103936005E0C5
S21448B2B0044B9B68034A23F00103936000BF02B027
S21448B2C0704700BF00002D4082B00190044B9B6839
S21448B2D0034A43F00103936000BF02B0704700BFC3
S21448B2E000002D4082B00190044B9B68034A23F02F
S21448B2F00103936000BF02B0704700BF00002D40B6
S21448B30082B00190019B002B10D0019B9B88002B9C
S21448B31006D0084BDB68074A43F48073D36005E0E1
S21448B320044BDB68034A23F48073D36000BF02B043
S21448B330704700BF00802C4082B00190044BDB6809
S21448B340034A43F48073D36000BF02B0704700BF1F
S21448B35000802C4082B00190044BDB68034A23F4FB
S21448B3608073D36000BF02B0704700BF00802C4097
S21448B37000B58BB001900023099300238DF8233045
S21448B380019B002B64D0019BDB79032B0CD0032B4D
S21448B3900DDC012B02D0022B03D008E003230993CF
S21448B3A006E00123099303E00223099300E000BF67
S21448B3B0099B002B4CD0284B5B6E5B0F03F00703B2
S21448B3C0052B3FD103AA04A905A84CF25033FFF732
S21448B3D0B7F8224BD3F8883103F000430793039A13
S21448B3E004A905AB1846FFF7C5F803468DF8233081
S21448B3F0079BB3F1004F06D09DF8233083F0010336
S21448B400DBB2002BE5D19DF8233083F00103DBB295
S21448B410002B10D0104B5B6E0693069B23F003035D
S21448B4200693099B03F00303069A134306930A4AB6
S21448B430069B53660CE0019B1B6819460120FFF7E4
S21448B4406FF805E0019B1B6819460A20FFF768F865
S21448B45000BF0BB05DF804FB00C0394000C02D406B
S21448B46008B500F083FA00BF08BD000082B001901E
S21448B47000BF02B0704782B00190009100BF02B092
S21448B480704782B0019000BF02B0704700B58BB0DD
S21448B49001902F49019A1346DB0013440B440833A6
S21448B4A01B781A4613469B0013449B00294A1344AC
S21448B4B00993099B1B69089300238DF81F3006F0F3
S21448B4C0C9FA089B1B6803F00103002B39D003AA6E
S21448B4D004A905A84CF25033FFF732F8089B1B69BD
S21448B4E003F010030693039A04A905AB1846FFF722
S21448B4F041F803468DF81F30069B002B06D19DF871
S21448B5001F3083F00103DBB2002BE7D19DF81F30D4
S21448B510002B04D001990120FFF702F811E0089BA0
S21448B5201B6823F00102089B1A60089B5B6923F09E
S21448B5300F02089B5A61089B1B6943F00302089B4D
S21448B5401A6106F0B3FA00BF0BB05DF804FB00BF03
S21448B5504C594900A45D490000B583B00190019B51
S21448B560002B04D0019B1B681846FFF78FFF00BFCF
S21448B57003B05DF804FB2DE9F04FB5B0279026914F
S21448B5800023329300233193002330934FF0000278
S21448B5904FF00003CDE92E234FF000024FF0000392
S21448B5A0CDE92C23279B002B00F0AE81279B1B79E7
S21448B5B0002B00F0A981279B1A6841491346DB00F7
S21448B5C013440B4408331B781A4613469B0013440F
S21448B5D09B003C4A13442B933B4A269B52F8231025
S21448B5E0279B5A69279B1B685340994200F08781DE
S21448B5F0279B5A69279B1B6882EA0301324A269B87
S21448B60042F82310314B1B68596C2B9B5A68304BB9
S21448B6109B5CDB000B445B6832932C4B1B68596C75
S21448B6202B9BDA682A4B9B5CDB000B445B683093A9
S21448B630279B5B693193329B002B00F06081309BDF
S21448B640002B00F05C81319B002B00F05881329A29
S21448B65013465B0013445A1E309BB2FBF3F3013388
S21448B6602A93329A13469B0013445A1E319BB2FBC8
S21448B670F3F309332993279B1B69B3F57A7F0AD0DE
S21448B680B3F57A7F28D8642B05D0642B24D8012BB1
S21448B69001D00A2B20D1279B1A690E4BB3FBF2F236
S21448B6A0329BB3FBF2F33393299A2A9B9A4238BFCC
S21448B6B01A46339B934238BF1346339313E000BF72
S21448B6C04C594900A45D4900100C4020B40B40205A
S21448B6D0B80B402040420F00299A2A9B934238BF15
S21448B6E01346339300BF319B002206930792279B4D
S21448B6F0DB6800220893099242F21073DDE90801DC
S21448B700024612EB030A0B4643F1000BDDE906013D
S21448B7100B460AFB03F2034603FB0BF313440246AD
S21448B720A2FB0A452B441D46339B00220A930B92E4
S21448B730DDE90A01034603FB05F20B4604FB03F367
S21448B74013440246A4FB02673B441F46731E0C93F1
S21448B75047F1FF330D93329B00220E930F922B9B9B
S21448B7609B6800221093119242F210720023DDE982
S21448B77010452146521A12922A4663EB0203139347
S21448B780DDE90E452B46DDE91267324602FB03F239
S21448B7903B46214601FB03F3134422463146A2FBAF
S21448B7A0011201920A460092019A13440193DDE978
S21448B7B00023DDE90C01FBF739FB02460B46111D59
S21448B7C0229143F100032393DDE92234CDE92E3458
S21448B7D0319B002214931592279BDB680022169310
S21448B7E0179242F210720023DDE916452146521A96
S21448B7F018922A4663EB02031993DDE914452B4653
S21448B800DDE91867324602FB03F23B46214601FB58
S21448B81003F3134422463146A2FB01894B4499461A
S21448B820339B00221A931B92DDE91A01034603FB59
S21448B83009F20B4608FB03F313440246A8FB021220
S21448B84003920A460292039A13440393329B0022B9
S21448B8501C931D922B9B9B6800221E931F9242F2BC
S21448B8601073DDE91E010246D31820930B4643F1B8
S21448B87000032193DDE91C452B46DDE92067324667
S21448B88002FB03F23B46214601FB03F313442246E0
S21448B8903146A2FB011205920A460492059A1344C1
S21448B8A00593DDE90423DDE90201FBF7BFFA02460A
S21448B8B00B46D11E249143F1FF332593DDE924340A
S21448B8C0CDE92C342B9B1B69339A5A60DDE92E232D
S21448B8D00F498A4273F1000301D22E9B00E00D4BBC
S21448B8E02B9A12699360DDE92C23032A73F100032F
S21448B8F001D32C9B00E003232B9A1269D3602B9B21
S21448B9001B69279A92685A6100BF35B0BDE8F08F28
S21448B910FDFFFF00FCFFFF0084B00190019B002B59
S21448B9201DD0019B1A680F491346DB0013440B448D
S21448B93008331B781A4613469B0013449B000A4A52
S21448B94013440393039B1B690293019B1B79002BAB
S21448B95005D0029B1B6843F00102029B1A6000BF99
S21448B96004B070474C594900A45D490000B585B0FD
S21448B97000230293002303933BE0224A039B52F89A
S21448B9802330002B32D01F4A039B52F823301B69C2
S21448B99003F0030302931B4A039B52F823305B6968
S21448B9A003F003030193029A019B13400293164B3C
S21448B9B01B68002B11D0029B002B17D0114A039B03
S21448B9C052F82330029A1A61104A039B52F82330E1
S21448B9D019460020FEF7A4FD08E0029B002B05D080
S21448B9E0084A039B52F82330029A1A61039B013394
S21448B9F00393039B062BC0D900BF00BF05B05DF874
S21448BA0004FB00BF6C5D4900B40B4020885D4900CC
S21448BA1082B0019000BF02B0704782B00190022306
S21448BA20184602B0704782B0019000BF02B0704717
S21448BA3084B00190019B002B3AD0019B1A681E499E
S21448BA401346DB0013440B441B78029300238DF8FF
S21448BA500F3018E0194A029B52F833309DF80F20F1
S21448BA60203253F82210154A029B52F833309DF87C
S21448BA700F2021F00041203243F822109DF80F3065
S21448BA8001338DF80F300D4A029BDB0013441B79B7
S21448BA909DF80F209A42DDD3084A029B52F833306D
S21448BAA01A680649029B51F8333042F000421A6041
S21448BAB000BF04B0704700BF4C5949005C5D490060
S21448BAC084B00190019B002B00F08A80019B1A6885
S21448BAD045491346DB0013440B441B780393019BEC
S21448BAE09B88002B7CD0414A039B52F833309B6896
S21448BAF00293029A3E4B13400293019B5B7B1B03C7
S21448BB0003F4E043019A127D1343029A13430293C7
S21448BB10364A039B52F83330029A9A60334A039B5C
S21448BB2052F833301B690293029A324B1340029301
S21448BB30019B5B8AC3F30E03029A13430293019B4D
S21448BB401B7F9B0703F08043029A13430293274ABE
S21448BB50039B52F83330029A1A61019B5B7D9B0720
S21448BB6003F08042019B9B7D5B0703F000531A431A
S21448BB70019B5B8BC3F30A031A43019B1B8B190477
S21448BB801D4B0B4013430293184A039B52F833301D
S21448BB90029ADA60154A039B52F833309B6902933F
S21448BBA0029B23F4C0730293019B5B7D002B01D15B
S21448BBB0802300E00023029A134302930B4A039B18
S21448BBC052F83330029A9A61084A039B52F8333047
S21448BBD01A680649039B51F8333022F000421A602F
S21448BBE000BF04B0704700BF4C5949005C5D49002F
S21448BBF0008FFFFF0080FFBF0000FF0300B58BB03B
S21448BC0001900223099300238DF823302149019A95
S21448BC101346DB0013440B441B7807931E4A079BC6
S21448BC2052F833301B68002B2DDB03AA04A905A85D
S21448BC304CF25033FEF784FC174A079B52F83330D1
S21448BC405B689B0803F001030693039A04A905ABB7
S21448BC501846FEF78FFC03468DF82330069B002BCC
S21448BC6006D19DF8233083F00103DBB2002BE3D1E5
S21448BC709DF82330002B08D0012309930199012011
S21448BC80FEF74EFC01E000230993099B18460BB0CB
S21448BC905DF804FB4C5949005C5D490084B001904E
S21448BCA0019B002B18D0019B1A680D491346DB00F0
S21448BCB013440B441B780393019B9B88012B0BD1A1
S21448BCC0084A039B52F833301A680649039B51F8D2
S21448BCD0333022F000421A6000BF04B0704700BFFD
S21448BCE04C5949005C5D490082B00190009100BF04
S21448BCF002B070472DE9F04FF9B05D905C914FF077
S21448BD0000024FF00003CDE96C234FF000024FF0DD
S21448BD100003CDE96A234FF000024FF00003CDE957
S21448BD2076235D9B002B00F08C835D9BDA68AD49DB
S21448BD301346DB0013440B441B781A46AA4B53F8A9
S21448BD40223069935D9B1A68A6491346DB00134464
S21448BD500B4407331B786893A44A5C9BDB00134468
S21448BD60D3E900675D9BD3E904015D9B5B680022CD
S21448BD700A930B920A9B80EA03040B9B4B401D4692
S21448BD805D9B1B6800220C930D92DDE90C120B4656
S21448BD9063400E9313466B400F935D9BDB6800220F
S21448BDA010931192DDE90E452346DDE9100102465F
S21448BDB0534012932B460A46534013935D9B9B6809
S21448BDC0002214931592DDE912452346DDE9140155
S21448BDD00246534016932B460A4653401793DDE9CE
S21448BDE016120B46974208BF9E4200F02A835D9B78
S21448BDF0D3E904015D9B5B68002218931992DDE93C
S21448BE001845234643401A932B464B401B935D9B4D
S21448BE101B6800221C931D92DDE91A452346DDE97E
S21448BE201C01024653401E932B460A4653401F9316
S21448BE305D9BDB68002220932192DDE91E45234660
S21448BE40DDE920010246534022932B460A465340DA
S21448BE5023935D9B9B68002224932592DDE9224527
S21448BE602346DDE924010246534026932B460A46DC
S21448BE70534027935D4A5C9BDB001344DDE926125A
S21448BE80C3E900125D9BD3E90423CDE96C23584BE4
S21448BE901B685A6C574B5B78DB0013445B68002280
S21448BEA040934192DDE94034CDE96A345D9B5B6856
S21448BEB0002228932992504BDDE928452A4603FB61
S21448BEC002F2E823214601FB03F31A444A4B214673
S21448BED0A1FB031301930B460093019BD3180193D0
S21448BEE0DDE96C4522462B464FF000004FF0000136
S21448BEF0D90041EA5271D00002460B4612EB0408BC
S21448BF0043EB05094FF000024FF000034FEA890360
S21448BF1043EA98734FEA88029046994618EB040A13
S21448BF2049EB050B4FF000024FF000034FEACB03F6
S21448BF3043EA5A734FEACA0292469B46BAEB040350
S21448BF4042936BEB050343934FF000024FF0000318
S21448BF50DDE942452946CB00214643EA517321464E
S21448BF60CA00DDE90001FAF761FF02460B46CDE953
S21448BF706623DDE96623CDE97623052200232A9247
S21448BF802B93DDE96623DDE92A4521469142294679
S21448BF9071EB030308D30C22002344924593DDE952
S21448BFA04434CDE9763464E0C82200232C922D939D
S21448BFB0DDE96623DDE92C4521468A4229468B4140
S21448BFC008D3B822002346924793DDE94634CDE9A4
S21448BFD076344EE04FF001024FF00003CDE974236B
S21448BFE041E000BF4C594900505D4900200C4020B4
S21448BFF0B40B4020B80B40200010A5D4DDE97423CC
S21448C000511E2E9143F1FF332F93634A2E9B52F8CD
S21448C0102330002230933192DDE96623DDE930454E
S21448C02021469142294671EB030311D2DDE9742378
S21448C030511E329143F1FF333393584A329B52F89C
S21448C0402330002248934992DDE94834CDE97634D6
S21448C050DDE97423511C4A9143F100034B93DDE913
S21448C0604A34CDE97434DDE97423042A73F10003B5
S21448C070C4D3DDE96C4522462B464FF000004FF00E
S21448C0800001590141EAD261500102460B46111B94
S21448C0904C9163EB05034D934FF000024FF00003BD
S21448C0A0DDE94C6739468B00314643EA91733146A1
S21448C0B08A0011461A460B461B194E93134645EB03
S21448C0C003034F934FF000024FF00003DDE94E455F
S21448C0D029468B03214643EA914321468A03144660
S21448C0E01D466B9A769B03FB02F1779A6A9B02FB86
S21448C0F003F319446A9A769BA2FB032303931346D9
S21448C1000293039BCB180393DDE902232046294676
S21448C110FAF78CFE02460B4614461D46DDE97623A2
S21448C1204FF4FA104FF00001FAF780FE02460B462D
S21448C130A11A349165EB03033593DDE934120B46B7
S21448C14013F580735093134643F100035193DDE98A
S21448C1505034CDE972344FF080424FF00003CDE9B9
S21448C16070234FF000024FF00003CDE96E230BE03A
S21448C170DDE970234FF000004FF00001900840EAD8
S21448C18083709908CDE97001DDE97001DDE9722315
S21448C19082428B41ECD357E0D0684900E0684900BA
S21448C1A0DDE96E01DDE970238418369441EB03031C
S21448C1B03793DDE97223DDE9364521468A4229462A
S21448C1C08B4129D3DDE96E01DDE970238418389464
S21448C1D041EB03033993DDE97223DDE9384521460F
S21448C1E0511A5291294663EB01035393DDE95234C1
S21448C1F0CDE97234DDE97023911854915B4155932B
S21448C200DDE95401DDE96E23141856944B415793E3
S21448C210DDE95634CDE96E34DDE96E234FF0000093
S21448C2204FF00001500840EAC3705908CDE96E0146
S21448C230DDE970234FF000004FF00001900840EA17
S21448C24083709908CDE97001DDE970231343A7D1BF
S21448C250DDE96E234FF000004FF00001990041EAF7
S21448C2609271900010F1BF033A9341F100033B935B
S21448C2704FF000024FF00003DDE93A452146CA096F
S21448C280294642EA41622946CB09CDE964235D9BAB
S21448C2909B6800223C933D926A9BDDE93C452A46D2
S21448C2A002FB03F26B9B214601FB03F313446A9A95
S21448C2B02146A2FB011205920A460492059A1344A7
S21448C2C00593624A4FF00003DDE90401FAF7AEFD34
S21448C2D002460B4613466393769B649A02FB03F327
S21448C2E06293769B6193779B649A03FB02F2659B05
S21448C2F0769901FB03F313447699649AA1FB0212DC
S21448C30007920A460692079A13440793DDE9642380
S21448C310511C3E9143F100033F93DDE906452B4609
S21448C320DDE93E67324602FB03F23B46214601FB07
S21448C33003F3134422463146A2FB011209920A46E9
S21448C3400892099A134409934FF000024FF00003ED
S21448C350DDE9084521464A08294642EAC172294687
S21448C3604B08134603F2E7336093DDE96C01024657
S21448C3700B464FF000044FF000055D0145EAD265D4
S21448C380540122462B46141A589463EB01035993DA
S21448C3904FF000024FF00003DDE958563446A3003C
S21448C3A02C4643EA94732C46A20014461D46234660
S21448C3B01B185A932B4641EB03035B934FF000023E
S21448C3C04FF00003DDE95A452946CB00214643EAAB
S21448C3D051732146CA0010461946DDE96A23FAF722
S21448C3E025FD02460B461346013B5F93639B9AB274
S21448C3F0699B1A60619BDAB2629B1B0442EA03019E
S21448C4006998689A13465B0013449B0003440433B8
S21448C41019605F9BC3F313016998689A13465B00DB
S21448C42013449B00034408331960609BC3F313010D
S21448C4306998689A13465B0013449B0003440C3380
S21448C440196000BF79B0BDE8F08F00BF40420F00CA
S21448C45082B0019000BF02B0704710B487B0019018
S21448C460019B002B56D0019B1A682D491346DB00CA
S21448C47013440B441B780593019B1A6828491346B6
S21448C480DB0013440B4404331B780493019B1A685F
S21448C49023491346DB0013440B4402331B78214AD6
S21448C4A01B0113441B6803931F49059A13465B00F8
S21448C4B01344DA00D21A049B134451F823301968FF
S21448C4C01948059A13465B001344DA00D21A049BAF
S21448C4D0134450F8233041F008021A601249059A6E
S21448C4E013465B001344DA00D21A049B134451F8EF
S21448C4F023301868039BD9430B4C059A13465B00B8
S21448C5001344DA00D21A049B134454F8233000EA42
S21448C51001021A6000BF07B05DF8044B704700BFC1
S21448C5204C594900B05E4900FC5C490000B58DB0E6
S21448C530019000238DF82F30019B002B00F02F81AF
S21448C540019B1A6898491346DB0013440B441B7832
S21448C5500A93019B1A6894491346DB0013440B441C
S21448C56004331B780993019B5B68904A32F8133072
S21448C5700893019B1A688C491346DB0013440B4406
S21448C58002331B788A4A1B0113441B680793019B96
S21448C5901A6885491346DB0013440B4402331B785C
S21448C5A0834A1B01134404331B68069381490A9A3D
S21448C5B013465B001344DA00D21A099B134451F819
S21448C5C023305A68079B1A40069B22FA03F3089AB8
S21448C5D09A4200F0E48002AA03A904A84CF2503319
S21448C5E0FDF7AEFF029A03A904AB1846FDF7C2FF53
S21448C5F003468DF82F306F490A9A13465B0013445A
S21448C600DA00D21A099B134451F823305B6803F4C6
S21448C6108033B3F5803F06D19DF82F3083F0010371
S21448C620DBB2002BDED19DF82F3083F00103DBB25E
S21448C630002B00F0AE805F490A9A13465B0013440D
S21448C640DA00D21A099B134451F823301B68059325
S21448C650079BDB43059A13400593089A069B9A4026
S21448C660079B1340059A13430593059B43F0040321
S21448C670059350490A9A13465B001344DA00D21AC7
S21448C680099B134451F82330059A1A6002AA03A955
S21448C69004A84CF25033FDF753FF029A03A904ABA3
S21448C6A01846FDF767FF03468DF82F3041490A9A2A
S21448C6B013465B001344DA00D21A099B134451F818
S21448C6C023305B6803F00403002B06D19DF82F3017
S21448C6D083F00103DBB2002BDFD19DF82F3083F0C7
S21448C6E00103DBB2002B4DD002AA03A904A84CF2E2
S21448C6F05033FDF725FF029A03A904AB1846FDF709
S21448C70039FF03468DF82F302A490A9A13465B00AC
S21448C7101344DA00D21A099B134451F823305B6855
S21448C72003F48033B3F5803F06D19DF82F3083F06D
S21448C7300103DBB2002BDED19DF82F3083F00103D6
S21448C740DBB2002B17D01B490A9A13465B001344EA
S21448C750DA00D21A099B134451F823305B685B0C05
S21448C76003F00703012B1AD0019B1B6819460320C8
S21448C770FDF7D6FE13E0019B1B6819460120FDF71E
S21448C780CFFE0CE0019B1B6819460120FDF7C8FE4A
S21448C79005E0019B1B6819460120FDF7C1FE00BF56
S21448C7A00DB05DF804FB00BF4C594900B45C490025
S21448C7B0B05E4900FC5C490010B487B00190019B0C
S21448C7C0002B56D0019B1A682C491346DB001344AD
S21448C7D00B441B780593019B1A6828491346DB00CF
S21448C7E013440B4404331B780493019B1A6823496B
S21448C7F01346DB0013440B4402331B78204A1B01C4
S21448C80013441B6803931F49059A13465B00134459
S21448C810DA00D21A049B134451F823301968194891
S21448C820059A13465B001344DA00D21A049B134455
S21448C83050F8233041F008021A601249059A134608
S21448C8405B001344DA00D21A049B134451F8233091
S21448C8501868039BD9430B4C059A13465B00134450
S21448C860DA00D21A049B134454F8233000EA010233
S21448C8701A6000BF07B05DF8044B70474C59490032
S21448C880B05E4900FC5C490000B58DB001900023BD
S21448C8908DF82F30019B002B00F02F81019B1A68E2
S21448C8A098491346DB0013440B441B780A93019BB4
S21448C8B01A6894491346DB0013440B4404331B7828
S21448C8C00993019B5B68904A32F813300893019BA2
S21448C8D01A688C491346DB0013440B4402331B7812
S21448C8E08A4A1B0113441B680793019B1A688549AB
S21448C8F01346DB0013440B4402331B78834A1B0160
S21448C900134404331B68069381490A9A13465B000E
S21448C9101344DA00D21A099B134451F823305A6854
S21448C920079B1A40069B22FA03F3089A9A4200F09D
S21448C930E48002AA03A904A84CF25033FDF700FE8F
S21448C940029A03A904AB1846FDF714FE03468DF871
S21448C9502F306F490A9A13465B001344DA00D21AFE
S21448C960099B134451F823305B6803F48033B3F5CE
S21448C970803F06D19DF82F3083F00103DBB2002BB1
S21448C980DED19DF82F3083F00103DBB2002B00F098
S21448C990AE805F490A9A13465B001344DA00D21AFF
S21448C9A0099B134451F823301B680593079BDB43C8
S21448C9B0059A13400593089A069B9A40079B13408E
S21448C9C0059A13430593059B43F00703059350497F
S21448C9D00A9A13465B001344DA00D21A099B13449A
S21448C9E051F82330059A1A6002AA03A904A84CF203
S21448C9F05033FDF7A5FD029A03A904AB1846FDF788
S21448CA00B9FD03468DF82F3041490A9A13465B0014
S21448CA101344DA00D21A099B134451F823305B6852
S21448CA2003F00403002B06D19DF82F3083F0010352
S21448CA30DBB2002BDFD19DF82F3083F00103DBB249
S21448CA40002B4DD002AA03A904A84CF25033FDF798
S21448CA5077FD029A03A904AB1846FDF78BFD0346FB
S21448CA608DF82F302A490A9A13465B001344DA0099
S21448CA70D21A099B134451F823305B6803F4803379
S21448CA80B3F5803F06D19DF82F3083F00103DBB223
S21448CA90002BDED19DF82F3083F00103DBB2002B4C
S21448CAA017D01B490A9A13465B001344DA00D21A79
S21448CAB0099B134451F823305B685B0C03F007036B
S21448CAC0012B1AD0019B1B6819460320FDF728FD49
S21448CAD013E0019B1B6819460120FDF721FD0CE079
S21448CAE0019B1B6819460120FDF71AFD05E0019BCE
S21448CAF01B6819460120FDF713FD00BF0DB05DF811
S21448CB0004FB00BF4C594900B45C4900B05E49007C
S21448CB10FC5C490000B58DB0019000238DF82F309D
S21448CB20019B002B00F0C680019B1A686349134698
S21448CB30DB0013440B441B780A93019B1A685F4931
S21448CB401346DB0013440B4404331B780993019BBC
S21448CB501B685B4AD35C0893019B1A68574913467F
S21448CB60DB0013440B4402331B78564A1B0113441C
S21448CB701B680793019B1A6850491346DB00134409
S21448CB800B4402331B784F4A1B01134404331B687B
S21448CB9006934D490A9A13465B001344DA00D21AA4
S21448CBA0099B134451F82330196847480A9A134694
S21448CBB05B001344DA00D21A099B134450F823301A
S21448CBC041F00C021A6002AA03A904A84CF250339A
S21448CBD0FDF7B6FC029A03A904AB1846FDF7CAFC53
S21448CBE003468DF82F3038490A9A13465B0013449B
S21448CBF0DA00D21A099B134451F823305B6803F4D1
S21448CC000033B3F5003F06D19DF82F3083F001037B
S21448CC10DBB2002BDED19DF82F3083F00103DBB268
S21448CC20002B41D028490A9A13465B001344DA0081
S21448CC30D21A099B134451F823301B680593079B67
S21448CC40DB43059A13400593089A069B9A40079B30
S21448CC501340059A134305931B490A9A13465B00EB
S21448CC601344DA00D21A099B134451F82330059A24
S21448CC701A6015490A9A13465B001344DA00D21A1A
S21448CC80099B134451F8233019680F480A9A1346EB
S21448CC905B001344DA00D21A099B134450F8233039
S21448CCA021F00C021A6005E0019B1B68194601201A
S21448CCB0FDF736FC00BF0DB05DF804FB4C59490043
S21448CCC05C5C4900B05E4900FC5C490000B58DB02C
S21448CCD0019000238DF82F30019B002B00F0F9803F
S21448CCE0019B1A687D491346DB0013440B441B78A6
S21448CCF00A93019B1A6879491346DB0013440B4490
S21448CD0004331B780993019B5B68754A32F81330E5
S21448CD100893019B1A6871491346DB0013440B4479
S21448CD2002331B786F4A1B0113441B680793019B09
S21448CD301A686A491346DB0013440B4402331B78CF
S21448CD40684A1B01134404331B68069366490A9ACB
S21448CD5013465B001344DA00D21A099B134451F871
S21448CD602330196860480A9A13465B001344DA0071
S21448CD70D21A099B134450F8233041F004021A6033
S21448CD8002AA03A904A84CF25033FDF7D9FB029A2D
S21448CD9003A904AB1846FDF7EDFB03468DF82F3084
S21448CDA051490A9A13465B001344DA00D21A099B83
S21448CDB0134451F823305B6803F40033B3F5003F5F
S21448CDC006D19DF82F3083F00103DBB2002BDED16D
S21448CDD09DF82F3083F00103DBB2002B73D0424915
S21448CDE00A9A13465B001344DA00D21A099B134486
S21448CDF051F823301B680593079BDB43059A13407D
S21448CE000593089A069B9A40079B1340059A134336
S21448CE10059335490A9A13465B001344DA00D21A3A
S21448CE20099B134451F82330059A1A602E490A9AEA
S21448CE3013465B001344DA00D21A099B134451F890
S21448CE402330196828480A9A13465B001344DA00C8
S21448CE50D21A099B134450F8233021F00C021A606A
S21448CE6002AA03A904A84CF25033FDF769FB029ABC
S21448CE7003A904AB1846FDF77DFB03468DF82F3013
S21448CE8019490A9A13465B001344DA00D21A099BDA
S21448CE90134451F823305B6803F40033B3F5003F7E
S21448CEA006D09DF82F3083F00103DBB2002BDED18D
S21448CEB09DF82F30002B0CD0019B1B681946032089
S21448CEC0FDF72EFB05E0019B1B6819460120FDF780
S21448CED027FB00BF0DB05DF804FB00BF4C59490066
S21448CEE0B45C4900B05E4900FC5C490000B583B0BC
S21448CEF00190019B002B02D0019800F004F800BF77
S21448CF0003B05DF804FB84B00190019B5B680C4A53
S21448CF1032F8133003930B4B5B680293029B23F45F
S21448CF2040530293039B1B0303F44053029A134354
S21448CF300293044A029B536000BF04B0704700BF88
S21448CF40D85C49000080284000B585B000238DF89D
S21448CF500F30314BD3F8143303F08073002B56D17F
S21448CF602D4BD3F834332C4A43F08073C2F834330D
S21448CF70294BD3F80033284A43F00103C2F800335C
S21448CF80254BD3F80433244A43F00103C2F804334C
S21448CF9000F003FA204BD3F8043303F00103002BC8
S21448CFA006D11D4BD3F8143303F08073002B2ED1D3
S21448CFB06A4601A902A84CF25033FDF7C1FA009A16
S21448CFC001A902AB1846FDF7D5FA03468DF80F308F
S21448CFD0114BD3F8043303F00103002B06D10E4B54
S21448CFE0D3F8143303F08073002B07D19DF80F3025
S21448CFF083F00103DBB2002BE1D100E000BF9DF8CF
S21448D0000F30002B03D007210120FDF789FA00BF17
S21448D01005B05DF804FB00BF00C02D4000B585B0E4
S21448D02000238DF80F30314BD3F8143303F4001334
S21448D030002B56D12D4BD3F834332C4A43F40013E7
S21448D040C2F83433294BD3F80033284A43F0010357
S21448D050C2F80033254BD3F80433244A43F001037F
S21448D060C2F8043300F099F9204BD3F8043303F0A0
S21448D0700103002B06D11D4BD3F8143303F40013D9
S21448D080002B2ED16A4601A902A84CF25033FDF770
S21448D09057FA009A01A902AB1846FDF76BFA034601
S21448D0A08DF80F30114BD3F8043303F00103002BEF
S21448D0B006D10E4BD3F8143303F40013002B07D1D4
S21448D0C09DF80F3083F00103DBB2002BE1D100E07E
S21448D0D000BF9DF80F30002B03D005210120FDF737
S21448D0E01FFA00BF05B05DF804FB00BF00C02D4026
S21448D0F000B585B000238DF80F30314BD3F8143384
S21448D10003F40023002B56D12D4BD3F834332C4A46
S21448D11043F40023C2F83433294BD3F80033284A63
S21448D12043F00103C2F80033254BD3F80433244AAE
S21448D13043F00103C2F8043300F02FF9204BD3F82C
S21448D140043303F00103002B06D11D4BD3F81433E8
S21448D15003F40023002B2ED16A4601A902A84CF2FC
S21448D1605033FDF7EDF9009A01A902AB1846FDF7D2
S21448D17001FA03468DF80F30114BD3F8043303F009
S21448D1800103002B06D10E4BD3F8143303F40023C7
S21448D190002B07D19DF80F3083F00103DBB2002B3C
S21448D1A0E1D100E000BF9DF80F30002B03D00621E8
S21448D1B00120FDF7B5F900BF05B05DF804FB00BFD8
S21448D1C000C02D4000B585B000238DF80F30314B98
S21448D1D0D3F8143303F40043002B56D12D4BD3F821
S21448D1E034332C4A43F40043C2F83433294BD3F83B
S21448D1F00033284A43F00103C2F80033254BD3F8DE
S21448D2000433244A43F00103C2F8043300F0C5F857
S21448D210204BD3F8043303F00103002B06D11D4BF3
S21448D220D3F8143303F40043002B2ED16A4601A9E1
S21448D23002A84CF25033FDF783F9009A01A902ABD5
S21448D2401846FDF797F903468DF80F30114BD3F87B
S21448D250043303F00103002B06D10E4BD3F81433E6
S21448D26003F40043002B07D19DF80F3083F00103E9
S21448D270DBB2002BE1D100E000BF9DF80F30002B59
S21448D28003D057210120FDF74BF900BF05B05DF8E4
S21448D29004FB00BF00C02D4000B585B000238DF8C4
S21448D2A00F30314BD3F8103303F08073002B56D130
S21448D2B02D4BD3F830332C4A43F08073C2F83033C2
S21448D2C0294BD3F80033284A43F00103C2F8003309
S21448D2D0254BD3F80433244A43F00103C2F80433F9
S21448D2E000F05BF8204BD3F8043303F00103002B1F
S21448D2F006D11D4BD3F8103303F08073002B2ED184
S21448D3006A4601A902A84CF25033FDF719F9009A6B
S21448D31001A902AB1846FDF72DF903468DF80F30E4
S21448D320114BD3F8043303F00103002B06D10E4B00
S21448D330D3F8103303F08073002B07D19DF80F30D5
S21448D34083F00103DBB2002BE1D100E000BF9DF87B
S21448D3500F30002B03D057210120FDF7E1F800BF1E
S21448D36005B05DF804FB00BF00C02D4008B5FFF7C8
S21448D370EBFDFFF753FEFFF7BBFEFFF723FFFFF774
S21448D3808BFF00BF08BD08B507F042FE00BF08BDCA
S21448D39008B500F093F800BF08BD054B45F6F022E7
S21448D3A01A60034B4AF20F521A6000BF704700BF1C
S21448D3B000C02D4000B583B00190FFF7D7FF00BFEF
S21448D3C003B05DF804FB08B5034B1B689B68012057
S21448D3D0984700BF08BD00BF2C0C402000B585B05C
S21448D3E00123ADF80830054B1B685B6801AA104658
S21448D3F0984700BF05B05DF804FB00BF2C0C4020E2
S21448D40008B5034B1B689B680320984700BF08BDB8
S21448D410280C402000B585B00123ADF80830054BF0
S21448D4201B685B6801AA1046984700BF05B05DF8C0
S21448D43004FB00BF280C4020104B1B7883F00103E8
S21448D440DBB2002B18D00D4B01221A700C4BDB7840
S21448D4501A4613465B0013449B000A4A13440A4A7A
S21448D4601360074B9B781A4613465B0013449B0091
S21448D470044A1344054A136000BF7047300C4020E6
S21448D480F858490058684900280C40202C0C402081
S21448D49000B583B001900091009B012B05D0009BFE
S21448D4A0022B06D1FFF7C8FF04E00198FFF782FF7A
S21448D4B000E000BF00BF03B05DF804FB08B5024BB0
S21448D4C01B68984700BF08BD600E402000B583B073
S21448D4D0FAF70BF803460193019B062B01D907235D
S21448D4E00193FAF702F803460093009B062B01D9EE
S21448D4F007230093BB4A009B002142F82310BA4AF0
S21448D500009B002142F82310B84A009B002142F8AD
S21448D5102310B74A009B134400221A70B54A009B52
S21448D520134400221A70B44A009B134400221A700F
S21448D530009A13469B0013445B00B04A9918B048BB
S21448D540009A1346DB0013449B0003441960009A74
S21448D55013469B001344AB4A9918A948009A1346A9
S21448D560DB0013449B00034404331960009A1346B7
S21448D5709B001344A44A9918A148009A1346DB0016
S21448D58013449B00034408331960009A13469B00D3
S21448D59013449E4A99189A48009A1346DB00134447
S21448D5A09B0003440C331960009B9B008D4A9918D6
S21448D5B09348009A1346DB0013449B0003441033F9
S21448D5C01960009A13469B0013445B00904A9918CA
S21448D5D08B48009A1346DB0013449B0003441433DD
S21448D5E01960009B5B008B4A99188548009A134639
S21448D5F0DB0013449B00034418331960009B5B0010
S21448D600854A99187E48009A1346DB0013449B00C7
S21448D61003441C331960009B754A99187848009A49
S21448D6201346DB0013449B00034420331960009ADA
S21448D63013469B0013445B00784A99187848009A2A
S21448D6401346DB0013449B0003441960009A1346B4
S21448D6509B001344734A99187148009A1346DB0096
S21448D66013449B00034404331960009A13469B00F6
S21448D67013446D4A99186A48009A1346DB001344C7
S21448D6809B00034408331960009A13469B001344D2
S21448D690664A99186248009A1346DB0013449B0072
S21448D6A003440C331960009B9B004F4A99185C480A
S21448D6B0009A1346DB0013449B000344103319605A
S21448D6C0009A13469B0013445B00594A99185448DD
S21448D6D0009A1346DB0013449B0003441433196036
S21448D6E0009B5B00534A99184D48009A1346DB0046
S21448D6F013449B00034418331960009B5B004E4A52
S21448D70099184748009A1346DB0013449B00034485
S21448D7101C331960009B374A99184148009A1346AB
S21448D720DB0013449B00034420331960009A1346D9
S21448D7309B0013445B00414A99184148009A134697
S21448D740DB0013449B0003441960009A13469B0071
S21448D75013443C4A99183A48009A1346DB00134447
S21448D7609B00034404331960009A13469B001344F5
S21448D770354A99183248009A1346DB0013449B00F2
S21448D780034408331960009A13469B0013442F4AF3
S21448D79099182B48009A1346DB0013449B00034411
S21448D7A00C331960009B9B00104A99182448009A2D
S21448D7B01346DB0013449B00034410331960009A59
S21448D7C013469B0013445B00214A99181C48009A4C
S21448D7D01346DB0013449B00034414331960009B34
S21448D7E05B0037E06882402088824020A88240203C
S21448D7F098874020A0874020A8874020C88140209E
S21448D8001884402010804020388040206080402087
S21448D810C882402018834020288340201882402011
S21448D8203885402088804020B0804020D8804020DE
S21448D830A8834020F88340200884402078814020F0
S21448D8405886402000814020288140205081402032
S21448D85038834020254A99182548009A1346DB0005
S21448D86013449B00034418331960009B5B00214A0D
S21448D87099181F48009A1346DB0013449B0003443C
S21448D8801C331960009B1C4A99181948009A13467D
S21448D890DB0013449B00034420331960174A009B5F
S21448D8A0012142F8231000BF019A1346DB001344B7
S21448D8B09B00134A1344184600F031FB019A13465E
S21448D8C0DB0013449B000F4A1344184600F027FB1E
S21448D8D0019A1346DB0013449B00054A1344184636
S21448D8E000F01DFB00BF03B05DF804FB88834020B2
S21448D8F05886402098834020A88740207887402034
S21448D900188440203885402010B588B0044608461C
S21448D91011461A462346ADF80E3003468DF80D30AC
S21448D9200B468DF80C3013468DF80B30F9F7DDFDB5
S21448D93003460693069B062B01D90723069372B621
S21448D9401E4A069B52F82330002B01D1FFF7BEFD36
S21448D950069A1346DB0013449B00194A13449DF865
S21448D9600B409DF80C209DF80D10BDF80E00009356
S21448D970234600F0E5F80346ADF81630BDF81630F5
S21448D9804FF6FF72934210D0069A1346DB001344B4
S21448D9909B000B4A1A44BDF816301146184600F04C
S21448D9A052F903468DF81F3002E001238DF81F30E8
S21448D9B062B69DF81F30184608B010BD78874020DC
S21448D9C01884402010B588B00446084611461A46C2
S21448D9D02346ADF80E3003468DF80D300B468DF8CD
S21448D9E00C3013468DF80B30F9F77FFD0346069347
S21448D9F0069B062B01D90723069372B61E4A069B3A
S21448DA0052F82330002B01D1FFF760FD069A1346E3
S21448DA10DB0013449B00194A13449DF80B409DF8BD
S21448DA200C209DF80D10BDF80E000093234600F01C
S21448DA3087F80346ADF81630BDF816304FF6FF7235
S21448DA40934210D0069A1346DB0013449B000B4AB9
S21448DA501A44BDF816301146184600F0F4F8034646
S21448DA608DF81F3002E001238DF81F3062B69DF80E
S21448DA701F30184608B010BD7887402038854020AB
S21448DA8010B588B00446084611461A462346ADF8EF
S21448DA900E3003468DF80D300B468DF80C30134685
S21448DAA08DF80B30F9F721FD03460693069B062BA7
S21448DAB001D90723069372B61E4A069B52F82330AE
S21448DAC0002B01D1FFF702FD069A1346DB001344EC
S21448DAD09B00194A13449DF80B409DF80C209DF86E
S21448DAE00D10BDF80E000093234600F029F80346B3
S21448DAF0ADF81630BDF816304FF6FF72934210D088
S21448DB00069A1346DB0013449B000B4A1A44BDF89A
S21448DB1016301146184600F096F803468DF81F3022
S21448DB2002E001238DF81F3062B69DF81F30184674
S21448DB3008B010BD788740205886402000BF704700
S21448DB4010B489B00446084611461A462346ADF82E
S21448DB50063003468DF805300B468DF804301346DC
S21448DB608DF803304FF6FF73ADF81C300A9B1B69DF
S21448DB7006930A9B1B6805930A9B5B6804930A9B5B
S21448DB809B6803930A9BDB680293069B1B68042BDF
S21448DB904ED80023ADF81E3045E0BDF81E305B0079
S21448DBA0059A13441B884FF6FF72934236D1BDF848
S21448DBB01E30049A13441B78FF2B2FD1BDF81E3015
S21448DBC0039A13441B78FF2B28D1BDF81E30029ABF
S21448DBD013441B78FF2B21D1BDF81E305B00059AF5
S21448DBE01344BDF806201A80BDF81E30049A134424
S21448DBF09DF805201A70BDF81E30039A13449DF808
S21448DC0004201A70BDF81E30029A13449DF803206B
S21448DC101A70BDF81E30ADF81C300DE0BDF81E3049
S21448DC200133ADF81E30BDF81E30042BB5D903E0DD
S21448DC300A9B1B6A01221A70BDF81C30184609B0A8
S21448DC405DF8044B704788B003460091ADF806303F
S21448DC5000238DF81F30009B5A69BDF806305B00DC
S21448DC6013440693009B9B690593009BDB690493CA
S21448DC70009B1B690393069B1B884FF6FF729342D3
S21448DC8015D1059B1A88069B1A80059BBDF8062069
S21448DC901A80039B1B68002B03D1049BBDF8062003
S21448DCA01A80039B1B685A1C039B1A6002E00123D8
S21448DCB08DF81F309DF81F30184608B0704710B4CE
S21448DCC095B00446084611461A462346ADF806302F
S21448DCD003468DF805300B468DF8043013468DF80C
S21448DCE0033000238DF84D30169B1B691293169B04
S21448DCF01B681193169B5B681093169B9B680F9343
S21448DD00169BDB680E93129B1B68002B00F0008165
S21448DD10169B9B691B88ADF84E30BDF84E305B00AD
S21448DD20119A13441B88BDF806209A4240F0E080BA
S21448DD30BDF84E30109A13441B789DF805209A4239
S21448DD4040F0D680BDF84E300F9A13441B789DF8A5
S21448DD5004209A4240F0CC80BDF84E300E9A1344C8
S21448DD601B789DF803209A4240F0C280169B5A6959
S21448DD70BDF84E305B0013441B88ADF83630BDF80E
S21448DD804E30ADF83430169B0C930C9B1B690B93A6
S21448DD900C9B1B680A930C9B5B6809930C9B9B68BF
S21448DDA008930C9BDB6807930C9B9B6906930C9B1C
S21448DDB0DB690593069B1B88ADF812300C9B5B69A4
S21448DDC00393069B1B88BDF834209A4210D1BDF8B1
S21448DDD034305B00039A13441A88069B1A80BDF8B1
S21448DDE034305B00039A13444FF6FF721A804BE0B8
S21448DDF0059B1B88BDF834209A4227D107E0BDF81A
S21448DE0012305B00039A13441B88ADF81230BDF8F5
S21448DE1012305B00039A13441A88059B1B889A4263
S21448DE20EDD1BDF812305B00039A13444FF6FF72EB
S21448DE301A80059BBDF812201A8025E0BDF81230DE
S21448DE405B00039A13441B88ADF81230BDF81230B5
S21448DE505B00039A13441B88BDF834209A42EDD1E0
S21448DE60BDF834305B00039A1A44BDF812305B00A4
S21448DE7003990B4412881A80BDF834305B00039A25
S21448DE8013444FF6FF721A800B9B1B685A1E0B9B57
S21448DE901A600B9B1B68002B07D1069B4FF6FF7238
S21448DEA01A80059B4FF6FF721A80BDF834305B0027
S21448DEB00A9A13444FF6FF721A80BDF83430099A0E
S21448DEC01344FF221A70BDF83430089A1344FF22D0
S21448DED01A70BDF83430079A1344FF221A7000BFF0
S21448DEE0BDF83630ADF84E3001238DF84D3008E099
S21448DEF0169B5A69BDF84E305B0013441B88ADF834
S21448DF004E30BDF84E304FF6FF7293427FF405AF61
S21448DF109DF84D30184615B05DF8044B70478AB0EA
S21448DF200190019B1B680893019B5B680793019BC4
S21448DF309B680693019BDB680593019B5B6904938A
S21448DF40019B9B690393019BDB6902930023ADF811
S21448DF50263026E0BDF826305B00049A13444FF678
S21448DF60FF721A80BDF826305B00089A13444FF6B5
S21448DF70FF721A80BDF82630079A1344FF221A709B
S21448DF80BDF82630069A1344FF221A70BDF826308C
S21448DF90059A1344FF221A70BDF826300133ADF8AF
S21448DFA02630BDF82630042BD4D9039B4FF6FF7293
S21448DFB01A80029B4FF6FF721A80019B1B6A00224A
S21448DFC01A7000BF0AB0704710B586B004460846B7
S21448DFD011461A462346ADF80E3003468DF80D30E6
S21448DFE00B468DF80C3013468DF80B30F9F77DFA52
S21448DFF003460493049B062B01D90723049372B661
S21448E000134A049B52F82330002B05D1FFF75EFADB
S21448E01000238DF8173015E0049A1346DB001344A6
S21448E0209B000C4A13449DF80B409DF80C209DF825
S21448E0300D10BDF80E0000932346FFF740FE03463A
S21448E0408DF8173062B69DF81730184606B010BDE2
S21448E050788740201884402010B586B00446084685
S21448E06011461A462346ADF80E3003468DF80D3055
S21448E0700B468DF80C3013468DF80B30F9F735FA09
S21448E08003460493049B062B01D90723049372B6D0
S21448E090134A049B52F82330002B05D1FFF716FA93
S21448E0A000238DF8173015E0049A1346DB00134416
S21448E0B09B000C4A13449DF80B409DF80C209DF895
S21448E0C00D10BDF80E0000932346FFF7F8FD0346F3
S21448E0D08DF8173062B69DF81730184606B010BD52
S21448E0E0788740203885402010B586B004460846D4
S21448E0F011461A462346ADF80E3003468DF80D30C5
S21448E1000B468DF80C3013468DF80B30F9F7EDF9C1
S21448E11003460493049B062B01D90723049372B63F
S21448E120134A049B52F82330002B05D1FFF7CEF94B
S21448E13000238DF8173015E0049A1346DB00134485
S21448E1409B000C4A13449DF80B409DF80C209DF804
S21448E1500D10BDF80E0000932346FFF7B0FD0346AA
S21448E1608DF8173062B69DF81730184606B010BDC1
S21448E170788740205886402000B583B001238DF824
S21448E1800730F9F7B2F903460093009B062B01D9EE
S21448E1900723009372B6144A009B52F82330002B8C
S21448E1A002D1FFF793F917E0104A009B52F8233044
S21448E1B0002B02D000238DF807300C4A009B002124
S21448E1C042F82310009A1346DB0013449B00084A83
S21448E1D013441846FFF7A3FE62B69DF80730184664
S21448E1E003B05DF804FB00BF788740206882402073
S21448E1F01884402000B583B001238DF80730F9F71E
S21448E20074F903460093009B062B01D90723009315
S21448E21072B6144A009B52F82330002B02D1FFF7FF
S21448E22055F917E0104A009B52F82330002B02D0CD
S21448E23000238DF807300C4A009B002142F8231033
S21448E240009A1346DB0013449B00084A13441846BA
S21448E250FFF765FE62B69DF80730184603B05DF8CE
S21448E26004FB00BF788740208882402038854020BD
S21448E27000B583B001238DF80730F9F736F9034621
S21448E2800093009B062B01D90723009372B6144AC5
S21448E290009B52F82330002B02D1FFF717F917E0FE
S21448E2A0104A009B52F82330002B02D000238DF8EA
S21448E2B007300C4A009B002142F82310009A134668
S21448E2C0DB0013449B00084A13441846FFF727FE12
S21448E2D062B69DF80730184603B05DF804FB00BFE9
S21448E2E078874020A88240205886402084B00390F3
S21448E2F00B4601928DF80B309DF80B20039B80321D
S21448E300019943F8221000BF04B0704782B00190CC
S21448E3100B468DF803309DF80320019BA03253F836
S21448E3202230184602B0704782B00190019BD3F85D
S21448E3300431184602B0704784B001900B468DF8F9
S21448E340033013468DF802309DF80330012202FA56
S21448E35003F303939DF80230002B08D0019BD3F8B3
S21448E3602821039B1A43019BC3F8282108E0019BF8
S21448E370D3F82821039BDB431A40019BC3F8282186
S21448E38000BF04B0704782B001900091019B009A8C
S21448E390C3F8102100BF02B0704782B00190019BBD
S21448E3A0D3F81031184602B0704782B00190019BEE
S21448E3B0D3F81831184602B0704782B001900091E1
S21448E3C0019B009AC3F8182100BF02B0704784B07A
S21448E3D001900B468DF803309DF80330012202FA6F
S21448E3E003F30393019BD3F82C21039B1340002B84
S21448E3F014BF01230023DBB2184604B0704782B02E
S21448E4000190019BD3F8283103F00F03184602B059
S21448E410704782B00190019BD3F82C3103F00F036C
S21448E420184602B0704782B00190019BD3F8243159
S21448E43003F00F03184602B0704782B000238DF8E9
S21448E4400730064B5B68DBB203F003038DF80730F2
S21448E4509DF80730184602B0704700BF00002640B7
S21448E46000B587B0034600918DF8073000238DF835
S21448E470173000238DF816309DF80730224A52F898
S21448E48023301846FFF7C5FF049029E09DF817305B
S21448E490032B0AD89DF807301C4A52F823309DF8BB
S21448E4A0172053F82230039301E000230493049B7B
S21448E4B003F00103002B0BD0039B002B08D0039BD3
S21448E4C01B68009A9A4203D101238DF816300AE059
S21448E4D0049B5B0804939DF8173001338DF817307A
S21448E4E0049B002BD2D19DF8163083F00103DBB293
S21448E4F0002B02D0FF238DF817309DF817301846AA
S21448E50007B05DF804FB00BF20694900340C402082
S21448E51010B588B0034600918DF807309DF807304F
S21448E5202F4A52F8233006939DF80730009918462C
S21448E530FFF796FF03468DF81F3048E09DF81F20EA
S21448E540069B53F822301B68012B0AD19DF80730EA
S21448E550244A52F823309DF81F1000221846FFF729
S21448E560EBFE9DF807301F4A52F823309DF81F20CF
S21448E57011461846FFF7CAFE05909DF81F20069BD1
S21448E58053F822305B6804939DF81F20069B53F887
S21448E59022309B6803939DF81F209DF8073011464C
S21448E5A0184600F035F9049B002B07D09DF81F103D
S21448E5B09DF80700049C039B059AA0479DF80730E2
S21448E5C000991846FFF74CFF03468DF81F309DF814
S21448E5D01F30FF2BB2D100BF00BF08B010BD00BF30
S21448E5E0340C40202069490000B583B003460A46EB
S21448E5F08DF8073013468DF8063001F083F99DF8FC
S21448E6000730074A52F823309DF80610012218466C
S21448E610FFF792FE01F0A2F900BF03B05DF804FBD5
S21448E6202069490000B587B00390029113468DF8DB
S21448E63007309DF807300C2B11D00C2B15DC0A2B15
S21448E64002D00B2B06D010E00021039800F01DFEE8
S21448E65005900EE0002000F0E2FD059009E000215C
S21448E660029800F0EEFD059003E04FF0FF33059367
S21448E67000BF059B184607B05DF804FB00B585B09B
S21448E680034600918DF80730009B00225A6100230C
S21448E6908DF80F301BE09DF80730144A52F82330A7
S21448E6A09DF80F2011461846FFF730FE9DF80F30AC
S21448E6B0009A134400221A749DF80F20009B0021EC
S21448E6C043F822109DF80F3001338DF80F309DF82F
S21448E6D00F30032BDFD99DF807300549009A41F8DB
S21448E6E023200023184605B05DF804FB206949003E
S21448E6F0340C402082B003468DF807309DF807302A
S21448E700034A002142F823100023184602B07047F7
S21448E710340C402000B589B003468DF80730FF23F7
S21448E7208DF81F3001F09CF89DF80730364A52F8AD
S21448E73023301846FFF7F8FD03469BB206939DF82C
S21448E7400730314A52F823301846FFF762FE0590E4
S21448E7509DF807302C4A52F823301846FFF763FED8
S21448E760049001238DF81E3042E09DF80730274A72
S21448E77052F823209DF81E3013441B7CDBB283F0EE
S21448E7800103DBB2002B2ED09DF81E30012202FA80
S21448E79003F30393069A039B1340002B23D1049A52
S21448E7A0039B1340002B1ED0059A039B1340002B57
S21448E7B00AD09DF80730144A52F823309DF81E2098
S21448E7C011461846FFF7A2FD9DF807300F4A52F843
S21448E7D023209DF81E30134401221A749DF81E30DB
S21448E7E08DF81F3008E09DF81E3001338DF81E3036
S21448E7F09DF81E30032BB8D901F05EF89DF81F30FF
S21448E800184609B05DF804FB20694900340C4020DE
S21448E81082B003460A468DF8073013468DF8063010
S21448E8209DF807300A4A52F823209DF806301344CC
S21448E83000221A749DF80730054A52F823309DF88E
S21448E8400620002143F8221000BF02B0704700BFE0
S21448E850340C402084B00190019B0393039B1846D8
S21448E86004B0704700B58BB00292019303468DF80A
S21448E8700F300B468DF80E30634B099300230893F0
S21448E8809DF80F30614A52F8233007939DF80E30B2
S21448E890002B0AD19DF80E30079A13441B7CDBB236
S21448E8A0002B02D05A4B0993A8E09DF80E30002B57
S21448E8B005D19DF80E30079A134401221A749DF824
S21448E8C00E20079B029943F82210029B1B68002BD8
S21448E8D072D1029BDB680A2200211846FFF7A2FE87
S21448E8E006909DF80F304B4A52F82330019A9DF80F
S21448E8F00E101846FFF7FAFC0B2200210020FFF7FF
S21448E90091FE034605930023089309E005AB0C22C5
S21448E91019460020FFF786FE0246089B13440893D4
S21448E9209DF80F303B4A52F823309DF80E2011468A
S21448E9301846FFF74CFD034683F00103DBB2002B75
S21448E94003D0089A069B9A42E0D3089A069B9A42B6
S21448E9501DD39DF80F302F4A52F823309DF80E20CD
S21448E96011461846FFF733FD0346002B0CD09DF89A
S21448E9700F30284A52F823309DF80E201146184684
S21448E980FFF7C4FC09900EE0234B09930BE09DF873
S21448E9900F30204A52F823309DF80E20114618466C
S21448E9A0FFF7B4FC09909DF80E209DF80F301146ED
S21448E9B01846FFF72DFF21E0029B1B68012B12D15A
S21448E9C09DF80F30134A52F823309DF80E20114612
S21448E9D01846FFF79BFC9DF80E209DF80F30114611
S21448E9E01846FFF701FE9DF80F300A4A52F82330C2
S21448E9F0019A9DF80E101846FFF778FC099B1846B2
S21448EA000BB05DF804FB00BF33AAA555340C402074
S21448EA1066BB66BB2069490055BB55BB00B583B08D
S21448EA2003468DF807309DF8073002211846FFF751
S21448EA306FFD00BF03B05DF804FB00B585B0034624
S21448EA408DF807309DF80730064A52F823301846A6
S21448EA50FFF76AFC0390039B1B0C9BB2184605B055
S21448EA605DF804FB2069490000B585B0034602916D
S21448EA7001928DF80F309DF80F30094A52F823302E
S21448EA80019A5A619DF80F30064A52F82330029987
S21448EA901846FFF778FC00BF05B05DF804FB00BFDA
S21448EAA0340C40202069490000B585B003460091E3
S21448EAB08DF807309DF80730294A52F823300293DC
S21448EAC000238DF80F3041E09DF80F30009A22FA67
S21448EAD003F303F00103002B33D09DF80730214A97
S21448EAE052F823309DF80F2053F82230002B11D1CE
S21448EAF09DF807301A4A52F823309DF80F10002226
S21448EB001846FFF719FC9DF80F3019460298FFF78C
S21448EB10FDFB16E09DF80730124A52F823309DF860
S21448EB200F2053F822301B68002B0AD19DF8073077
S21448EB300B4A52F823309DF80F1000221846FFF76C
S21448EB40FBFB9DF80F3001338DF80F309DF80F30E2
S21448EB50032BB9D900BF00BF05B05DF804FB00BF62
S21448EB6020694900340C402000B589B003468DF82A
S21448EB7007309DF80730244A52F8233006939DF80C
S21448EB800730224A52F82330002B13D100238DF841
S21448EB901F300AE09DF81F3019460698FFF7B6FB67
S21448EBA09DF81F3001338DF81F309DF81F30032B1A
S21448EBB0F0D925E00698FFF722FC05900698FFF75F
S21448EBC028FC0490059A049B13400393039B002B50
S21448EBD016D09DF8073001211846FFF799FC06988D
S21448EBE0FFF717FC0490059A049B13400393039B76
S21448EBF0002B05D09DF8073003991846FFF754FFB9
S21448EC0000BF09B05DF804FB20694900340C402079
S21448EC1000B587B003468DF807309DF80730244A7C
S21448EC2052F82330002B0AD19DF80730214A52F873
S21448EC3023304FF0FF311846FFF7BFFB34E09DF80E
S21448EC4007301C4A52F823301846FFF7AEFB0590AB
S21448EC509DF80730174A52F823301846FFF79DFBB1
S21448EC600490049A059B13400393039B002B1BD0E8
S21448EC709DF807300F4A52F8233003991846FFF795
S21448EC809CFB9DF807300A4A52F823305B69002BF4
S21448EC900AD09DF80730064A52F823305B699DF83B
S21448ECA0072003991046984700BF07B05DF804FB55
S21448ECB0340C40202069490000B587B00390029183
S21448ECC00192039B0593059B032BCCBF012300238E
S21448ECD0DBB21846F5F7AEFC059BD42BD4BF012310
S21448ECE00023DBB21846F5F7A5FC4FF0E023D3F82F
S21448ECF0083D0493019B002B07D0039B10339B00D1
S21448ED00049A13441A68019B1A60039B10339B00AD
S21448ED10049A1344029A1A60BFF36F8FBFF34F8F5B
S21448ED2000BF07B05DF804FB00B583B00190019BB7
S21448ED30DB43DB0FDBB21846F5F77CFC019BD42B94
S21448ED40D4BF01230023DBB21846F5F773FCBFF3A4
S21448ED506F8FBFF34F8F019B03F01F024FF0E021E8
S21448ED60019B5B09012000FA02F2403341F8232058
S21448ED70BFF36F8FBFF34F8F00BF03B05DF804FB40
S21448ED8000B583B00190019BDB43DB0FDBB218462E
S21448ED90F5F750FC019BD42BD4BF01230023DBB2EC
S21448EDA01846F5F747FCBFF36F8FBFF34F8F019BAD
S21448EDB003F01F024FF0E021019B5B09012000FA97
S21448EDC002F2603341F82320BFF36F8FBFF34F8FB3
S21448EDD000BF03B05DF804FB00B585B001900B4654
S21448EDE08DF80330019B032BCCBF01230023DBB2F5
S21448EDF01846F5F71FFC019BD42BD4BF01230023EC
S21448EE00DBB21846F5F716FC9DF803300F2B94BF77
S21448EE1001230023DBB21846F5F70CFC04238DF8D3
S21448EE200F309DF803209DF80F3002FA03F14FF09B
S21448EE30E022019BC9B213440A4683F8002400BF67
S21448EE4005B05DF804FB00B585B00190019B032B27
S21448EE50CCBF01230023DBB21846F5F7EBFB019B3A
S21448EE60D42BD4BF01230023DBB21846F5F7E2FBC8
S21448EE7000238DF80F3004238DF80E304FF0E02233
S21448EE80019B134493F80034DBB21A469DF80E30C3
S21448EE9022FA03F38DF80F309DF80F30184605B068
S21448EEA05DF804FB00B583B00190019BDB43DB0FA4
S21448EEB0DBB21846F5F7BEFB019BD42BD4BF012323
S21448EEC00023DBB21846F5F7B5FB019B03F01F029B
S21448EED04FF0E021019B5B09012000FA02F2A033C3
S21448EEE041F8232000BF03B05DF804FB00B583B0AB
S21448EEF00190019BDB43DB0FDBB21846F5F79AFB24
S21448EF00019BD42BD4BF01230023DBB21846F5F768
S21448EF1091FB019B03F01F024FF0E021019B5B0928
S21448EF20012000FA02F2803341F8232000BF03B0E4
S21448EF305DF804FB00B583B00190019BDB43DB0F13
S21448EF40DBB21846F5F776FB019BD42BD4BF0123DA
S21448EF500023DBB21846F5F76DFB4FF0E022019B25
S21448EF605B09803352F82320019B03F01F0322FAE3
S21448EF7003F303F00103184603B05DF804FB00B53D
S21448EF8083B00190019BDB43DB0FDBB21846F5F7F5
S21448EF9051FB019BD42BD4BF01230023DBB2184678
S21448EFA0F5F748FB4FF0E022019B5B09C03352F867
S21448EFB02320019B03F01F0322FA03F303F0010307
S21448EFC0184603B05DF804FB00B585B00190019B78
S21448EFD0002B14BF01230023DBB21846F5F72AFBA3
S21448EFE0019B1B685F2B94BF01230023DBB21846A6
S21448EFF0F5F720FB002303935DE0019B5968039ACD
S21448F00013465B0013449B000B441B68184600F0ED
S21448F01099F8019B5968039A13465B0013449B0072
S21448F0200B441868019B5968039A13465B001344BF
S21448F0309B000B445B79194600F069F8019B5968B8
S21448F040039A13465B0013449B000B441868019BC5
S21448F0505968039A13465B0013449B000B449B680D
S21448F0600022194600F031F8019B5968039A134666
S21448F0705B0013449B000B441B79002B0CD0019B70
S21448F0805968039A13465B0013449B000B441B685D
S21448F090184600F028F80BE0019B5968039A134677
S21448F0A05B0013449B000B441B68184600F025F889
S21448F0B0039B01330393019B1B68039A9A429CD394
S21448F0C00023184605B05DF804FB00B585B00390EC
S21448F0D002910192019A02990398FFF7EDFD00BF4D
S21448F0E005B05DF804FB00B583B001900198FFF7C2
S21448F0F01BFE00BF03B05DF804FB00B583B001906B
S21448F1000198FFF73DFE00BF03B05DF804FB00B56D
S21448F11083B001900B468DF803309DF803301946AE
S21448F1200198FFF759FE00BF03B05DF804FB00B531
S21448F13083B001900198FFF786FE0346184603B051
S21448F1405DF804FB00B583B001900198FFF7AAFE6E
S21448F15000BF03B05DF804FB00B583B0019001988A
S21448F160FFF7C4FE00BF03B05DF804FB00B583B0EC
S21448F17001900198FFF7DEFE0346002B14BF0123DB
S21448F1800023DBB2184603B05DF804FB00B583B035
S21448F19001900198FFF7F3FE0346002B14BF0123A6
S21448F1A00023DBB2184603B05DF804FB08B5002020
S21448F1B0FFF7DAFC00BF08BD08B50020FFF728FDBA
S21448F1C000BF08BD08B50120FFF7CEFC00BF08BD4C
S21448F1D008B50120FFF71CFD00BF08BD00231846F0
S21448F1E0704782B001900123184602B0704782B03B
S21448F1F0019000BF02B0704782B00190019B18464C
S21448F20002B0704700B583B00190019B002B02D036
S21448F2100020F5F71DFA00BF03B05DF804FB00B503
S21448F22085B0019000230393019B002B03D1FFF781
S21448F230D5FF039000E000BF039B184605B05DF875
S21448F24004FB00B585B00190009100230393009B12
S21448F250002B04D10198FFF7C4FF039000E000BFDD
S21448F260039B184605B05DF804FB00B583B00190D3
S21448F2700091009B002B03D10198FFF7B8FF00E0F0
S21448F28000BF00BF03B05DF804FB00B585B0019031
S21448F290009100230393009B002B04D10198FFF7AD
S21448F2A0ABFF039000E000BF039B184605B05DF82F
S21448F2B004FB000082B00190074B00221A60064B00
S21448F2C06FF07F425A60044B00229A60024B052238
S21448F2D01A6000BF02B0704710E000E0024B9B681F
S21448F2E023F07F431846704710E000E084B0019052
S21448F2F0124B9B6823F07F430293002303930F4BE4
S21448F3005B68029A9A4212D8019B1B68029A9A42F4
S21448F31008D90A4B5A68019B1968029BCB1A1344B2
S21448F320039304E0019B1A68029BD31A0393019B3C
S21448F330029A1A60039B184604B0704710E000E033
S21448F34000B583B0F8F7D1F803460193104A019BFD
S21448F35052F82330002B0DD1F5F788F90090009B22
S21448F36003F00103002B00D172B60A49019B009AAC
S21448F37041F82320064A019B52F823305A1C044978
S21448F380019B41F8232000BF03B05DF804FB00BF93
S21448F390C0874020B087402000B583B0F8F7A5F86E
S21448F3A0034601930D4A019B52F823305A1E0B49D7
S21448F3B0019B41F823200A4A019B52F8233003F068
S21448F3C00103002B06D1054A019B52F82330002B37
S21448F3D000D162B600BF03B05DF804FBC08740208A
S21448F3E0B087402000B583B0F8F77FF8034601930E
S21448F3F0104A019B52F82330002B0DD1F5F736F909
S21448F4000090009B03F00103002B00D172B60A4916
S21448F410019B009A41F82320064A019B52F8233064
S21448F4205A1C0449019B41F8232000BF03B05DF8ED
S21448F43004FB00BFE0874020D087402000B583B05B
S21448F440F8F753F8034601930D4A019B52F82330C8
S21448F4505A1E0B49019B41F823200A4A019B52F841
S21448F460233003F00103002B06D1054A019B52F8CE
S21448F4702330002B00D162B600BF03B05DF804FB12
S21448F480E0874020D087402000B583B0F8F72DF8B5
S21448F49003460193104A019B52F82330002B0DD1A6
S21448F4A0F5F7EDF80090009B03F00103002B00D120
S21448F4B072B60A49019B009A41F82320064A019BE6
S21448F4C052F823305A1C0449019B41F8232000BFB8
S21448F4D003B05DF804FB00BF00884020F08740205A
S21448F4E000B583B0F8F701F8034601930D4A019B2F
S21448F4F052F823305A1E0B49019B41F823200A4AEA
S21448F500019B52F8233003F00103002B06D1054A2D
S21448F510019B52F82330002B00D162B600BF03B0DF
S21448F5205DF804FB00884020F087402000B583B093
S21448F530F7F7DBFF03460193104A019B52F8233046
S21448F540002B0DD1F5F79BF80090009B03F00103C4
S21448F550002B00D172B60A49019B009A41F8232035
S21448F560064A019B52F823305A1C0449019B41F82D
S21448F570232000BF03B05DF804FB00BF208840206E
S21448F5801088402000B583B0F7F7AFFF03460193D5
S21448F5900D4A019B52F823305A1E0B49019B41F8ED
S21448F5A023200A4A019B52F8233003F00103002B1C
S21448F5B006D1054A019B52F82330002B00D162B68B
S21448F5C000BF03B05DF804FB208840201088402028
S21448F5D000B583B0F7F789FF03460193104A019BAD
S21448F5E052F82330002B0DD1F5F749F80090009BD0
S21448F5F003F00103002B00D172B60A49019B009A1A
S21448F60041F82320064A019B52F823305A1C0449E5
S21448F610019B41F8232000BF03B05DF804FB00BF00
S21448F620408840203088402000B583B0F7F75DFF1B
S21448F630034601930D4A019B52F823305A1E0B4944
S21448F640019B41F823200A4A019B52F8233003F0D5
S21448F6500103002B06D1054A019B52F82330002BA4
S21448F66000D162B600BF03B05DF804FB4088402076
S21448F6703088402000B583B0F7F737FF034601933C
S21448F680104A019B52F82330002B0DD1F4F7F7FFB0
S21448F6900090009B03F00103002B00D172B60A4984
S21448F6A0019B009A41F82320064A019B52F82330D2
S21448F6B05A1C0449019B41F8232000BF03B05DF85B
S21448F6C004FB00BF608840205088402000B583B0C7
S21448F6D0F7F70BFF034601930D4A019B52F8233078
S21448F6E05A1E0B49019B41F823200A4A019B52F8AF
S21448F6F0233003F00103002B06D1054A019B52F83C
S21448F7002330002B00D162B600BF03B05DF804FB7F
S21448F710608840205088402000B583B0F7F7E5FE63
S21448F72003460193104A019B52F82330002B0DD113
S21448F730F4F7A5FF0090009B03F00103002B00D1CF
S21448F74072B60A49019B009A41F82320064A019B53
S21448F75052F823305A1C0449019B41F8232000BF25
S21448F76003B05DF804FB00BF8088402070884020C6
S21448F77000B583B0F7F7B9FE034601930D4A019BDF
S21448F78052F823305A1E0B49019B41F823200A4A57
S21448F790019B52F8233003F00103002B06D1054A9B
S21448F7A0019B52F82330002B00D162B600BF03B04D
S21448F7B05DF804FB808840207088402000B583B000
S21448F7C0F7F793FE03460193104A019B52F82330FD
S21448F7D0002B0DD1F4F753FF0090009B03F0010374
S21448F7E0002B00D172B60A49019B009A41F82320A3
S21448F7F0064A019B52F823305A1C0449019B41F89B
S21448F800232000BF03B05DF804FB00BFA08840205B
S21448F8109088402000B583B0F7F767FE034601930B
S21448F8200D4A019B52F823305A1E0B49019B41F85A
S21448F83023200A4A019B52F8233003F00103002B89
S21448F84006D1054A019B52F82330002B00D162B6F8
S21448F85000BF03B05DF804FBA08840209088402095
S21448F86000B583B0F7F741FE03460193104A019B63
S21448F87052F82330002B0DD1F4F701FF0090009B7F
S21448F88003F00103002B00D172B60A49019B009A87
S21448F89041F82320064A019B52F823305A1C044953
S21448F8A0019B41F8232000BF03B05DF804FB00BF6E
S21448F8B0C0884020B088402000B583B0F7F715FED2
S21448F8C0034601930D4A019B52F823305A1E0B49B2
S21448F8D0019B41F823200A4A019B52F8233003F043
S21448F8E00103002B06D1054A019B52F82330002B12
S21448F8F000D162B600BF03B05DF804FBC088402064
S21448F900B088402000B583B0F7F7EFFD0346019373
S21448F910104A019B52F82330002B0DD1F4F7AFFE66
S21448F9200090009B03F00103002B00D172B60A49F1
S21448F930019B009A41F82320064A019B52F823303F
S21448F9405A1C0449019B41F8232000BF03B05DF8C8
S21448F95004FB00BFE0884020D088402000B583B034
S21448F960F7F7C3FD034601930D4A019B52F823302F
S21448F9705A1E0B49019B41F823200A4A019B52F81C
S21448F980233003F00103002B06D1054A019B52F8A9
S21448F9902330002B00D162B600BF03B05DF804FBED
S21448F9A0E0884020D088402000B583B0F7F79DFD1A
S21448F9B003460193104A019B52F82330002B0DD181
S21448F9C0F4F766FE0090009B03F00103002B00D17D
S21448F9D072B60A49019B009A41F82320064A019BC1
S21448F9E052F823305A1C0449019B41F8232000BF93
S21448F9F003B05DF804FB00BF00894020F088402033
S21448FA0000B583B0F7F771FD034601930D4A019B95
S21448FA1052F823305A1E0B49019B41F823200A4AC4
S21448FA20019B52F8233003F00103002B06D1054A08
S21448FA30019B52F82330002B00D162B600BF03B0BA
S21448FA405DF804FB00894020F088402000B583B06C
S21448FA50F7F74BFD03460193104A019B52F82330B3
S21448FA60002B0DD1F4F714FE0090009B03F0010321
S21448FA70002B00D172B60A49019B009A41F8232010
S21448FA80064A019B52F823305A1C0449019B41F808
S21448FA90232000BF03B05DF804FB00BF2089402048
S21448FAA01089402000B583B0F7F71FFD0346019341
S21448FAB00D4A019B52F823305A1E0B49019B41F8C8
S21448FAC023200A4A019B52F8233003F00103002BF7
S21448FAD006D1054A019B52F82330002B00D162B666
S21448FAE000BF03B05DF804FB208940201089402001
S21448FAF000B583B0F7F7F9FC03460193104A019B1B
S21448FB0052F82330002B0DD1F4F7CBFD0090009B24
S21448FB1003F00103002B00D172B60A49019B009AF4
S21448FB2041F82320064A019B52F823305A1C0449C0
S21448FB30019B41F8232000BF03B05DF804FB00BFDB
S21448FB40408940203089402000B583B0F7F7CDFC87
S21448FB50034601930D4A019B52F823305A1E0B491F
S21448FB60019B41F823200A4A019B52F8233003F0B0
S21448FB700103002B06D1054A019B52F82330002B7F
S21448FB8000D162B600BF03B05DF804FB4089402050
S21448FB903089402000B583B0F7F7A7FC03460193A9
S21448FBA0104A019B52F82330002B0DD1F4F779FD0B
S21448FBB00090009B03F00103002B00D172B60A495F
S21448FBC0019B009A41F82320064A019B52F82330AD
S21448FBD05A1C0449019B41F8232000BF03B05DF836
S21448FBE004FB00BF608940205089402000B583B0A0
S21448FBF0F7F77BFC034601930D4A019B52F82330E6
S21448FC005A1E0B49019B41F823200A4A019B52F889
S21448FC10233003F00103002B06D1054A019B52F816
S21448FC202330002B00D162B600BF03B05DF804FB5A
S21448FC30608940205089402000B583B0F7F755FCCE
S21448FC4003460193104A019B52F82330002B0DD1EE
S21448FC50F4F727FD0090009B03F00103002B00D12A
S21448FC6072B60A49019B009A41F82320064A019B2E
S21448FC7052F823305A1C0449019B41F8232000BF00
S21448FC8003B05DF804FB00BF80894020708940209F
S21448FC9000B583B0F7F729FC034601930D4A019B4C
S21448FCA052F823305A1E0B49019B41F823200A4A32
S21448FCB0019B52F8233003F00103002B06D1054A76
S21448FCC0019B52F82330002B00D162B600BF03B028
S21448FCD05DF804FB808940207089402000B583B0D9
S21448FCE0F7F703FC03460193104A019B52F823306A
S21448FCF0002B0DD1F4F7D5FC0090009B03F00103D0
S21448FD00002B00D172B60A49019B009A41F823207D
S21448FD10064A019B52F823305A1C0449019B41F875
S21448FD20232000BF03B05DF804FB00BFA089402035
S21448FD309089402000B583B0F7F7D7FB0346019378
S21448FD400D4A019B52F823305A1E0B49019B41F835
S21448FD5023200A4A019B52F8233003F00103002B64
S21448FD6006D1054A019B52F82330002B00D162B6D3
S21448FD7000BF03B05DF804FBA0894020908940206E
S21448FD8000B583B0F7F7B1FB03460193104A019BD1
S21448FD9052F82330002B0DD1F4F783FC0090009BDB
S21448FDA003F00103002B00D172B60A49019B009A62
S21448FDB041F82320064A019B52F823305A1C04492E
S21448FDC0019B41F8232000BF03B05DF804FB00BF49
S21448FDD0C0894020B089402000B583B0F7F785FB3E
S21448FDE0034601930D4A019B52F823305A1E0B498D
S21448FDF0019B41F823200A4A019B52F8233003F01E
S21448FE000103002B06D1054A019B52F82330002BEC
S21448FE1000D162B600BF03B05DF804FBC08940203D
S21448FE20B089402000B583B0F7F75FFB03460193DF
S21448FE30104A019B52F82330002B0DD1F4F731FCC1
S21448FE400090009B03F00103002B00D172B60A49CC
S21448FE50019B009A41F82320064A019B52F823301A
S21448FE605A1C0449019B41F8232000BF03B05DF8A3
S21448FE7004FB00BFE0894020D089402000B583B00D
S21448FE80F7F733FB034601930D4A019B52F823309C
S21448FE905A1E0B49019B41F823200A4A019B52F8F7
S21448FEA0233003F00103002B06D1054A019B52F884
S21448FEB02330002B00D162B600BF03B05DF804FBC8
S21448FEC0E0894020D089402000B583B0F7F70DFB85
S21448FED003460193104A019B52F82330002B0DD15C
S21448FEE0F4F7DFFB0090009B03F00103002B00D1E2
S21448FEF072B60A49019B009A41F82320064A019B9C
S21448FF0052F823305A1C0449019B41F8232000BF6D
S21448FF1003B05DF804FB00BF008A4020F08940200B
S21448FF2000B583B0F7F7E1FA034601930D4A019B03
S21448FF3052F823305A1E0B49019B41F823200A4A9F
S21448FF40019B52F8233003F00103002B06D1054AE3
S21448FF50019B52F82330002B00D162B600BF03B095
S21448FF605DF804FB008A4020F089402000B583B045
S21448FF70F7F7BBFA03460193104A019B52F8233021
S21448FF80002B0DD1F4F78DFB0090009B03F0010386
S21448FF90002B00D172B60A49019B009A41F82320EB
S21448FFA0064A019B52F823305A1C0449019B41F8E3
S21448FFB0232000BF03B05DF804FB00BF208A402022
S21448FFC0108A402000B583B0F7F78FFA03460193AE
S21448FFD00D4A019B52F823305A1E0B49019B41F8A3
S21448FFE023200A4A019B52F8233003F00103002BD2
S21448FFF006D1054A019B52F82330002B00D162B641
S21449000000BF03B05DF804FB208A4020108A4020D8
S21449001000B583B0F7F769FA03460193104A019B86
S21449002052F82330002B0DD1F4F73BFB0090009B90
S21449003003F00103002B00D172B60A49019B009ACE
S21449004041F82320064A019B52F823305A1C04499A
S214490050019B41F8232000BF03B05DF804FB00BFB5
S214490060408A4020308A402000B583B0F7F73DFAF1
S214490070034601930D4A019B52F823305A1E0B49F9
S214490080019B41F823200A4A019B52F8233003F08A
S2144900900103002B06D1054A019B52F82330002B59
S2144900A000D162B600BF03B05DF804FB408A402029
S2144900B0308A402000B583B0F7F717FA0346019314
S2144900C0104A019B52F82330002B0DD1F4F7E9FA78
S2144900D00090009B03F00103002B00D172B60A4939
S2144900E0019B009A41F82320064A019B52F8233087
S2144900F05A1C0449019B41F8232000BF03B05DF810
S21449010004FB00BF608A4020508A402000B583B077
S214490110F7F7EBF9034601930D4A019B52F8233052
S2144901205A1E0B49019B41F823200A4A019B52F863
S214490130233003F00103002B06D1054A019B52F8F0
S2144901402330002B00D162B600BF03B05DF804FB34
S214490150608A4020508A402000B583B0F7F7C5F939
S21449016003460193104A019B52F82330002B0DD1C8
S214490170F4F797FA0090009B03F00103002B00D197
S21449018072B60A49019B009A41F82320064A019B08
S21449019052F823305A1C0449019B41F8232000BFDA
S2144901A003B05DF804FB00BF808A4020708A402077
S2144901B000B583B0F7F799F9034601930D4A019BB9
S2144901C052F823305A1E0B49019B41F823200A4A0C
S2144901D0019B52F8233003F00103002B06D1054A50
S2144901E0019B52F82330002B00D162B600BF03B002
S2144901F05DF804FB808A4020708A402000B583B0B1
S214490200F7F773F903460193104A019B52F82330D6
S214490210002B0DD1F4F745FA0090009B03F001033B
S214490220002B00D172B60A49019B009A41F8232057
S214490230064A019B52F823305A1C0449019B41F84F
S214490240232000BF03B05DF804FB00BFA08A40200E
S214490250908A402000B583B0F7F747F903460193E3
S2144902600D4A019B52F823305A1E0B49019B41F80F
S21449027023200A4A019B52F8233003F00103002B3E
S21449028006D1054A019B52F82330002B00D162B6AD
S21449029000BF03B05DF804FBA08A4020908A402046
S2144902A000B583B0F7F721F903460193104A019B3D
S2144902B052F82330002B0DD1F4F7F3F90090009B48
S2144902C003F00103002B00D172B60A49019B009A3C
S2144902D041F82320064A019B52F823305A1C044908
S2144902E0019B41F8232000BF03B05DF804FB00BF23
S2144902F0C08A4020B08A402000B583B0F7F7F5F8A9
S214490300034601930D4A019B52F823305A1E0B4966
S214490310019B41F823200A4A019B52F8233003F0F7
S2144903200103002B06D1054A019B52F82330002BC6
S21449033000D162B600BF03B05DF804FBC08A402016
S214490340B08A402000B583B0F7F7CFF8034601934B
S214490350104A019B52F82330002B0DD1F4F7A1F92E
S2144903600090009B03F00103002B00D172B60A49A6
S214490370019B009A41F82320064A019B52F82330F4
S2144903805A1C0449019B41F8232000BF03B05DF87D
S21449039004FB00BFE08A4020D08A402000B583B0E5
S2144903A0F7F7A3F8034601930D4A019B52F8233009
S2144903B05A1E0B49019B41F823200A4A019B52F8D1
S2144903C0233003F00103002B06D1054A019B52F85E
S2144903D02330002B00D162B600BF03B05DF804FBA2
S2144903E0E08A4020D08A402000B583B0F7F77DF8F0
S2144903F003460193104A019B52F82330002B0DD136
S214490400F4F74FF90090009B03F00103002B00D14D
S21449041072B60A49019B009A41F82320064A019B75
S21449042052F823305A1C0449019B41F8232000BF47
S21449043003B05DF804FB00BF008B4020F08A4020E3
S21449044000B583B0F7F751F8034601930D4A019B6F
S21449045052F823305A1E0B49019B41F823200A4A79
S214490460019B52F8233003F00103002B06D1054ABD
S214490470019B52F82330002B00D162B600BF03B06F
S2144904805DF804FB008B4020F08A402000B583B01D
S214490490F7F72BF803460193104A019B52F823308D
S2144904A0002B0DD1F4F7FDF80090009B03F00103F3
S2144904B0002B00D172B60A49019B009A41F82320C5
S2144904C0064A019B52F823305A1C0449019B41F8BD
S2144904D0232000BF03B05DF804FB00BF208B4020FB
S2144904E0108B402000B583B0F6F7FFFF0346019313
S2144904F00D4A019B52F823305A1E0B49019B41F87D
S21449050023200A4A019B52F8233003F00103002BAB
S21449051006D1054A019B52F82330002B00D162B61A
S21449052000BF03B05DF804FB208B4020108B4020B1
S21449053000B583B0F6F7D9FF03460193104A019BED
S21449054052F82330002B0DD1F4F7ABF80090009BFE
S21449055003F00103002B00D172B60A49019B009AA9
S21449056041F82320064A019B52F823305A1C044975
S214490570019B41F8232000BF03B05DF804FB00BF90
S214490580408B4020308B402000B583B0F6F7ADFF56
S214490590034601930D4A019B52F823305A1E0B49D4
S2144905A0019B41F823200A4A019B52F8233003F065
S2144905B00103002B06D1054A019B52F82330002B34
S2144905C000D162B600BF03B05DF804FB408B402003
S2144905D0308B402000B583B0F6F787FF034601937A
S2144905E0104A019B52F82330002B0DD1F4F759F8E5
S2144905F00090009B03F00103002B00D172B60A4914
S214490600019B009A41F82320064A019B52F8233061
S2144906105A1C0449019B41F8232000BF03B05DF8EA
S21449062004FB00BF608B4020508B402000B583B050
S214490630F6F75BFF034601930D4A019B52F82330B8
S2144906405A1E0B49019B41F823200A4A019B52F83E
S214490650233003F00103002B06D1054A019B52F8CB
S2144906602330002B00D162B600BF03B05DF804FB0F
S214490670608B4020508B402000B583B0F6F735FF9D
S21449068003460193104A019B52F82330002B0DD1A3
S214490690F4F707F80090009B03F00103002B00D104
S2144906A072B60A49019B009A41F82320064A019BE3
S2144906B052F823305A1C0449019B41F8232000BFB5
S2144906C003B05DF804FB00BF808B4020708B402050
S2144906D000B583B0F6F709FF034601930D4A019B1F
S2144906E052F823305A1E0B49019B41F823200A4AE7
S2144906F0019B52F8233003F00103002B06D1054A2B
S214490700019B52F82330002B00D162B600BF03B0DC
S2144907105DF804FB808B4020708B402000B583B089
S214490720F6F7E3FE03460193104A019B52F823303D
S214490730002B0DD1F3F7B5FF0090009B03F00103A2
S214490740002B00D172B60A49019B009A41F8232032
S214490750064A019B52F823305A1C0449019B41F82A
S214490760232000BF03B05DF804FB00BFA08B4020E8
S214490770908B402000B583B0F6F7B7FE0346019349
S2144907800D4A019B52F823305A1E0B49019B41F8EA
S21449079023200A4A019B52F8233003F00103002B19
S2144907A006D1054A019B52F82330002B00D162B688
S2144907B000BF03B05DF804FBA08B4020908B40201F
S2144907C000B583B0F6F791FE03460193104A019BA4
S2144907D052F82330002B0DD1F3F763FF0090009BAE
S2144907E003F00103002B00D172B60A49019B009A17
S2144907F041F82320064A019B52F823305A1C0449E3
S214490800019B41F8232000BF03B05DF804FB00BFFD
S214490810C08B4020B08B402000B583B0F6F765FE0C
S214490820034601930D4A019B52F823305A1E0B4941
S214490830019B41F823200A4A019B52F8233003F0D2
S2144908400103002B06D1054A019B52F82330002BA1
S21449085000D162B600BF03B05DF804FBC08B4020F0
S214490860B08B402000B583B0F6F73FFE03460193B0
S214490870104A019B52F82330002B0DD1F3F711FF94
S2144908800090009B03F00103002B00D172B60A4981
S214490890019B009A41F82320064A019B52F82330CF
S2144908A05A1C0449019B41F8232000BF03B05DF858
S2144908B004FB00BFE08B4020D08B402000B583B0BE
S2144908C0F6F713FE034601930D4A019B52F823306F
S2144908D05A1E0B49019B41F823200A4A019B52F8AC
S2144908E0233003F00103002B06D1054A019B52F839
S2144908F02330002B00D162B600BF03B05DF804FB7D
S214490900E08B4020D08B402000B583B0F6F7EDFD54
S21449091003460193104A019B52F82330002B0DD110
S214490920F3F7BFFE0090009B03F00103002B00D1B4
S21449093072B60A49019B009A41F82320064A019B50
S21449094052F823305A1C0449019B41F8232000BF22
S21449095003B05DF804FB00BF008C4020F08B4020BC
S21449096000B583B0F6F7C1FD034601930D4A019BD6
S21449097052F823305A1E0B49019B41F823200A4A54
S214490980019B52F8233003F00103002B06D1054A98
S214490990019B52F82330002B00D162B600BF03B04A
S2144909A05DF804FB008C4020F08B402000B583B0F6
S2144909B0F6F79BFD03460193104A019B52F82330F4
S2144909C0002B0DD1F3F76DFE0090009B03F0010359
S2144909D0002B00D172B60A49019B009A41F82320A0
S2144909E0064A019B52F823305A1C0449019B41F898
S2144909F0232000BF03B05DF804FB00BF208C4020D5
S214490A00108C402000B583B0F6F76FFD034601937E
S214490A100D4A019B52F823305A1E0B49019B41F857
S214490A2023200A4A019B52F8233003F00103002B86
S214490A3006D1054A019B52F82330002B00D162B6F5
S214490A4000BF03B05DF804FB208C4020108C40208A
S214490A5000B583B0F6F749FD03460193104A019B5A
S214490A6052F82330002B0DD1F3F71BFE0090009B64
S214490A7003F00103002B00D172B60A49019B009A84
S214490A8041F82320064A019B52F823305A1C044950
S214490A90019B41F8232000BF03B05DF804FB00BF6B
S214490AA0408C4020308C402000B583B0F6F71DFDC1
S214490AB0034601930D4A019B52F823305A1E0B49AF
S214490AC0019B41F823200A4A019B52F8233003F040
S214490AD00103002B06D1054A019B52F82330002B0F
S214490AE000D162B600BF03B05DF804FB408C4020DD
S214490AF0308C402000B583B0F6F7F7FC03460193E7
S214490B00104A019B52F82330002B0DD1F3F7C9FD4B
S214490B100090009B03F00103002B00D172B60A49EE
S214490B20019B009A41F82320064A019B52F823303C
S214490B305A1C0449019B41F8232000BF03B05DF8C5
S214490B4004FB00BF608C4020508C402000B583B029
S214490B50F6F7CBFC034601930D4A019B52F8233026
S214490B605A1E0B49019B41F823200A4A019B52F819
S214490B70233003F00103002B06D1054A019B52F8A6
S214490B802330002B00D162B600BF03B05DF804FBEA
S214490B90608C4020508C402000B583B0F6F7A5FC09
S214490BA003460193104A019B52F82330002B0DD17E
S214490BB0F3F777FD0090009B03F00103002B00D16B
S214490BC072B60A49019B009A41F82320064A019BBE
S214490BD052F823305A1C0449019B41F8232000BF90
S214490BE003B05DF804FB00BF808C4020708C402029
S214490BF000B583B0F6F779FC034601930D4A019B8D
S214490C0052F823305A1E0B49019B41F823200A4AC1
S214490C10019B52F8233003F00103002B06D1054A05
S214490C20019B52F82330002B00D162B600BF03B0B7
S214490C305DF804FB808C4020708C402000B583B062
S214490C40F6F753FC03460193104A019B52F82330AA
S214490C50002B0DD1F3F725FD0090009B03F001030F
S214490C60002B00D172B60A49019B009A41F823200D
S214490C70064A019B52F823305A1C0449019B41F805
S214490C80232000BF03B05DF804FB00BFA08C4020C2
S214490C90908C402000B583B0F6F727FC03460193B5
S214490CA00D4A019B52F823305A1E0B49019B41F8C5
S214490CB023200A4A019B52F8233003F00103002BF4
S214490CC006D1054A019B52F82330002B00D162B663
S214490CD000BF03B05DF804FBA08C4020908C4020F8
S214490CE000B583B0F6F701FC03460193104A019B11
S214490CF052F82330002B0DD1F3F7D3FC0090009B1C
S214490D0003F00103002B00D172B60A49019B009AF1
S214490D1041F82320064A019B52F823305A1C0449BD
S214490D20019B41F8232000BF03B05DF804FB00BFD8
S214490D30C08C4020B08C402000B583B0F6F7D5FB78
S214490D40034601930D4A019B52F823305A1E0B491C
S214490D50019B41F823200A4A019B52F8233003F0AD
S214490D600103002B06D1054A019B52F82330002B7C
S214490D7000D162B600BF03B05DF804FBC08C4020CA
S214490D80B08C402000B583B0F6F7AFFB034601931D
S214490D90104A019B52F82330002B0DD1F3F781FC02
S214490DA00090009B03F00103002B00D172B60A495C
S214490DB0019B009A41F82320064A019B52F82330AA
S214490DC05A1C0449019B41F8232000BF03B05DF833
S214490DD004FB00BFE08C4020D08C402000B583B097
S214490DE0F6F783FB034601930D4A019B52F82330DD
S214490DF05A1E0B49019B41F823200A4A019B52F887
S214490E00233003F00103002B06D1054A019B52F813
S214490E102330002B00D162B600BF03B05DF804FB57
S214490E20E08C4020D08C402000B583B0F6F75DFBBF
S214490E3003460193104A019B52F82330002B0DD1EB
S214490E40F3F72FFC0090009B03F00103002B00D121
S214490E5072B60A49019B009A41F82320064A019B2B
S214490E6052F823305A1C0449019B41F8232000BFFD
S214490E7003B05DF804FB00BF008D4020F08C402095
S214490E8000B583B0F6F731FB034601930D4A019B43
S214490E9052F823305A1E0B49019B41F823200A4A2F
S214490EA0019B52F8233003F00103002B06D1054A73
S214490EB0019B52F82330002B00D162B600BF03B025
S214490EC05DF804FB008D4020F08C402000B583B0CF
S214490ED0F6F70BFB03460193104A019B52F8233061
S214490EE0002B0DD1F3F7DDFB0090009B03F00103C7
S214490EF0002B00D172B60A49019B009A41F823207B
S214490F00064A019B52F823305A1C0449019B41F872
S214490F10232000BF03B05DF804FB00BF208D4020AE
S214490F20108D402000B583B0F6F7DFFA03460193EB
S214490F300D4A019B52F823305A1E0B49019B41F832
S214490F4023200A4A019B52F8233003F00103002B61
S214490F5006D1054A019B52F82330002B00D162B6D0
S214490F6000BF03B05DF804FB208D4020108D402063
S214490F7000B583B0F6F7B9FA03460193104A019BC8
S214490F8052F82330002B0DD1F3F78BFB0090009BD2
S214490F9003F00103002B00D172B60A49019B009A5F
S214490FA041F82320064A019B52F823305A1C04492B
S214490FB0019B41F8232000BF03B05DF804FB00BF46
S214490FC0408D4020308D402000B583B0F6F78DFA2D
S214490FD0034601930D4A019B52F823305A1E0B498A
S214490FE0019B41F823200A4A019B52F8233003F01B
S214490FF00103002B06D1054A019B52F82330002BEA
S21449100000D162B600BF03B05DF804FB408D4020B6
S214491010308D402000B583B0F6F767FA0346019352
S214491020104A019B52F82330002B0DD1F3F739FBB8
S2144910300090009B03F00103002B00D172B60A49C9
S214491040019B009A41F82320064A019B52F8233017
S2144910505A1C0449019B41F8232000BF03B05DF8A0
S21449106004FB00BF608D4020508D402000B583B002
S214491070F6F73BFA034601930D4A019B52F8233093
S2144910805A1E0B49019B41F823200A4A019B52F8F4
S214491090233003F00103002B06D1054A019B52F881
S2144910A02330002B00D162B600BF03B05DF804FBC5
S2144910B0608D4020508D402000B583B0F6F715FA74
S2144910C003460193104A019B52F82330002B0DD159
S2144910D0F3F7E7FA0090009B03F00103002B00D1D9
S2144910E072B60A49019B009A41F82320064A019B99
S2144910F052F823305A1C0449019B41F8232000BF6B
S21449110003B05DF804FB00BF808D4020708D402001
S21449111000B583B0F6F7E9F9034601930D4A019BFA
S21449112052F823305A1E0B49019B41F823200A4A9C
S214491130019B52F8233003F00103002B06D1054AE0
S214491140019B52F82330002B00D162B600BF03B092
S2144911505DF804FB808D4020708D402000B583B03B
S214491160F6F7C3F903460193104A019B52F8233018
S214491170002B0DD1F3F795FA0090009B03F001037D
S214491180002B00D172B60A49019B009A41F82320E8
S214491190064A019B52F823305A1C0449019B41F8E0
S2144911A0232000BF03B05DF804FB00BFA08D40209C
S2144911B0908D402000B583B0F6F797F90346019322
S2144911C00D4A019B52F823305A1E0B49019B41F8A0
S2144911D023200A4A019B52F8233003F00103002BCF
S2144911E006D1054A019B52F82330002B00D162B63E
S2144911F000BF03B05DF804FBA08D4020908D4020D1
S21449120000B583B0F6F771F903460193104A019B7E
S21449121052F82330002B0DD1F3F743FA0090009B88
S21449122003F00103002B00D172B60A49019B009ACC
S21449123041F82320064A019B52F823305A1C044998
S214491240019B41F8232000BF03B05DF804FB00BFB3
S214491250C08D4020B08D402000B583B0F6F745F9E3
S214491260034601930D4A019B52F823305A1E0B49F7
S214491270019B41F823200A4A019B52F8233003F088
S2144912800103002B06D1054A019B52F82330002B57
S21449129000D162B600BF03B05DF804FBC08D4020A4
S2144912A0B08D402000B583B0F6F71FF90346019389
S2144912B0104A019B52F82330002B0DD1F3F7F1F970
S2144912C00090009B03F00103002B00D172B60A4937
S2144912D0019B009A41F82320064A019B52F8233085
S2144912E05A1C0449019B41F8232000BF03B05DF80E
S2144912F004FB00BFE08D4020D08D402000B583B070
S214491300F6F7F3F8034601930D4A019B52F823304A
S2144913105A1E0B49019B41F823200A4A019B52F861
S214491320233003F00103002B06D1054A019B52F8EE
S2144913302330002B00D162B600BF03B05DF804FB32
S214491340E08D4020D08D402000B583B0F6F7CDF82B
S21449135003460193104A019B52F82330002B0DD1C6
S214491360F3F79FF90090009B03F00103002B00D18F
S21449137072B60A49019B009A41F82320064A019B06
S21449138052F823305A1C0449019B41F8232000BFD8
S21449139003B05DF804FB00BF008E4020F08D40206E
S2144913A000B583B0F6F7A1F8034601930D4A019BB1
S2144913B052F823305A1E0B49019B41F823200A4A0A
S2144913C0019B52F8233003F00103002B06D1054A4E
S2144913D0019B52F82330002B00D162B600BF03B000
S2144913E05DF804FB008E4020F08D402000B583B0A8
S2144913F0F6F77BF803460193104A019B52F82330CF
S214491400002B0DD1F3F74DF90090009B03F0010333
S214491410002B00D172B60A49019B009A41F8232055
S214491420064A019B52F823305A1C0449019B41F84D
S214491430232000BF03B05DF804FB00BF208E402088
S214491440108E402000B583B0F6F74FF80346019357
S2144914500D4A019B52F823305A1E0B49019B41F80D
S21449146023200A4A019B52F8233003F00103002B3C
S21449147006D1054A019B52F82330002B00D162B6AB
S21449148000BF03B05DF804FB208E4020108E40203C
S21449149000B583B0F6F729F803460193104A019B35
S2144914A052F82330002B0DD1F3F7FBF80090009B40
S2144914B003F00103002B00D172B60A49019B009A3A
S2144914C041F82320064A019B52F823305A1C044906
S2144914D0019B41F8232000BF03B05DF804FB00BF21
S2144914E0408E4020308E402000B583B0F5F7FDFF92
S2144914F0034601930D4A019B52F823305A1E0B4965
S214491500019B41F823200A4A019B52F8233003F0F5
S2144915100103002B06D1054A019B52F82330002BC4
S21449152000D162B600BF03B05DF804FB408E402090
S214491530308E402000B583B0F5F7D7FF03460193B8
S214491540104A019B52F82330002B0DD1F3F7A9F826
S2144915500090009B03F00103002B00D172B60A49A4
S214491560019B009A41F82320064A019B52F82330F2
S2144915705A1C0449019B41F8232000BF03B05DF87B
S21449158004FB00BF608E4020508E402000B583B0DB
S214491590F5F7ABFF034601930D4A019B52F82330FA
S2144915A05A1E0B49019B41F823200A4A019B52F8CF
S2144915B0233003F00103002B06D1054A019B52F85C
S2144915C02330002B00D162B600BF03B05DF804FBA0
S2144915D0608E4020508E402000B583B0F5F785FFD9
S2144915E003460193104A019B52F82330002B0DD134
S2144915F0F3F757F80090009B03F00103002B00D146
S21449160072B60A49019B009A41F82320064A019B73
S21449161052F823305A1C0449019B41F8232000BF45
S21449162003B05DF804FB00BF808E4020708E4020DA
S21449163000B583B0F5F759FF034601930D4A019B60
S21449164052F823305A1E0B49019B41F823200A4A77
S214491650019B52F8233003F00103002B06D1054ABB
S214491660019B52F82330002B00D162B600BF03B06D
S2144916705DF804FB808E4020708E402000B583B014
S214491680F5F733FF03460193104A019B52F823307E
S214491690002B0DD1F3F705F80090009B03F00103EA
S2144916A0002B00D172B60A49019B009A41F82320C3
S2144916B0064A019B52F823305A1C0449019B41F8BB
S2144916C0232000BF03B05DF804FB00BFA08E402076
S2144916D0908E402000B583B0F5F707FF0346019387
S2144916E00D4A019B52F823305A1E0B49019B41F87B
S2144916F023200A4A019B52F8233003F00103002BAA
S21449170006D1054A019B52F82330002B00D162B618
S21449171000BF03B05DF804FBA08E4020908E4020A9
S21449172000B583B0F5F7E1FE03460193104A019BE5
S21449173052F82330002B0DD1F2F7B3FF0090009BEF
S21449174003F00103002B00D172B60A49019B009AA7
S21449175041F82320064A019B52F823305A1C044973
S214491760019B41F8232000BF03B05DF804FB00BF8E
S214491770C08E4020B08E402000B583B0F5F7B5FE48
S214491780034601930D4A019B52F823305A1E0B49D2
S214491790019B41F823200A4A019B52F8233003F063
S2144917A00103002B06D1054A019B52F82330002B32
S2144917B000D162B600BF03B05DF804FBC08E40207E
S2144917C0B08E402000B583B0F5F78FFE03460193EF
S2144917D0104A019B52F82330002B0DD1F2F761FFD6
S2144917E00090009B03F00103002B00D172B60A4912
S2144917F0019B009A41F82320064A019B52F8233060
S2144918005A1C0449019B41F8232000BF03B05DF8E8
S21449181004FB00BFE08E4020D08E402000B583B048
S214491820F5F763FE034601930D4A019B52F82330B0
S2144918305A1E0B49019B41F823200A4A019B52F83C
S214491840233003F00103002B06D1054A019B52F8C9
S2144918502330002B00D162B600BF03B05DF804FB0D
S214491860E08E4020D08E402000B583B0F5F73DFE8F
S21449187003460193104A019B52F82330002B0DD1A1
S214491880F2F70FFF0090009B03F00103002B00D1F5
S21449189072B60A49019B009A41F82320064A019BE1
S2144918A052F823305A1C0449019B41F8232000BFB3
S2144918B003B05DF804FB00BF008F4020F08E402047
S2144918C000B583B0F5F711FE034601930D4A019B17
S2144918D052F823305A1E0B49019B41F823200A4AE5
S2144918E0019B52F8233003F00103002B06D1054A29
S2144918F0019B52F82330002B00D162B600BF03B0DB
S2144919005DF804FB008F4020F08E402000B583B080
S214491910F5F7EBFD03460193104A019B52F8233035
S214491920002B0DD1F2F7BDFE0090009B03F001039A
S214491930002B00D172B60A49019B009A41F8232030
S214491940064A019B52F823305A1C0449019B41F828
S214491950232000BF03B05DF804FB00BF208F402062
S214491960108F402000B583B0F5F7BFFD03460193BD
S2144919700D4A019B52F823305A1E0B49019B41F8E8
S21449198023200A4A019B52F8233003F00103002B17
S21449199006D1054A019B52F82330002B00D162B686
S2144919A000BF03B05DF804FB208F4020108F402015
S2144919B000B583B0F5F799FD03460193104A019B9C
S2144919C052F82330002B0DD1F2F774FE0090009B9D
S2144919D003F00103002B00D172B60A49019B009A15
S2144919E041F82320064A019B52F823305A1C0449E1
S2144919F0019B41F8232000BF03B05DF804FB00BFFC
S214491A00408F4020308F402000B583B0F5F76DFDFC
S214491A10034601930D4A019B52F823305A1E0B493F
S214491A20019B41F823200A4A019B52F8233003F0D0
S214491A300103002B06D1054A019B52F82330002B9F
S214491A4000D162B600BF03B05DF804FB408F40206A
S214491A50308F402000B583B0F5F747FD0346019324
S214491A60104A019B52F82330002B0DD1F2F722FE83
S214491A700090009B03F00103002B00D172B60A497F
S214491A80019B009A41F82320064A019B52F82330CD
S214491A905A1C0449019B41F8232000BF03B05DF856
S214491AA004FB00BF608F4020508F402000B583B0B4
S214491AB0F5F71BFD034601930D4A019B52F8233067
S214491AC05A1E0B49019B41F823200A4A019B52F8AA
S214491AD0233003F00103002B06D1054A019B52F837
S214491AE02330002B00D162B600BF03B05DF804FB7B
S214491AF0608F4020508F402000B583B0F5F7F5FC45
S214491B0003460193104A019B52F82330002B0DD10E
S214491B10F2F7D0FD0090009B03F00103002B00D1A3
S214491B2072B60A49019B009A41F82320064A019B4E
S214491B3052F823305A1C0449019B41F8232000BF20
S214491B4003B05DF804FB00BF808F4020708F4020B3
S214491B5000B583B0F5F7C9FC034601930D4A019BCE
S214491B6052F823305A1E0B49019B41F823200A4A52
S214491B70019B52F8233003F00103002B06D1054A96
S214491B80019B52F82330002B00D162B600BF03B048
S214491B905DF804FB808F4020708F402000B583B0ED
S214491BA0F5F7A3FC03460193104A019B52F82330EC
S214491BB0002B0DD1F2F787FD0090009B03F001033F
S214491BC0002B00D172B60A49019B009A41F823209E
S214491BD0064A019B52F823305A1C0449019B41F896
S214491BE0232000BF03B05DF804FB00BFA08F402050
S214491BF0908F402000B583B0F5F777FC03460193F4
S214491C000D4A019B52F823305A1E0B49019B41F855
S214491C1023200A4A019B52F8233003F00103002B84
S214491C2006D1054A019B52F82330002B00D162B6F3
S214491C3000BF03B05DF804FBA08F4020908F402082
S214491C4000B583B0F5F751FC03460193104A019B52
S214491C5052F82330002B0DD1F2F735FD0090009B4A
S214491C6003F00103002B00D172B60A49019B009A82
S214491C7041F82320064A019B52F823305A1C04494E
S214491C80019B41F8232000BF03B05DF804FB00BF69
S214491C90C08F4020B08F402000B583B0F5F725FCB3
S214491CA0034601930D4A019B52F823305A1E0B49AD
S214491CB0019B41F823200A4A019B52F8233003F03E
S214491CC00103002B06D1054A019B52F82330002B0D
S214491CD000D162B600BF03B05DF804FBC08F402058
S214491CE0B08F402000B583B0F5F7FFFB034601935C
S214491CF0104A019B52F82330002B0DD1F2F7E3FC32
S214491D000090009B03F00103002B00D172B60A49EC
S214491D10019B009A41F82320064A019B52F823303A
S214491D205A1C0449019B41F8232000BF03B05DF8C3
S214491D3004FB00BFE08F4020D08F402000B583B021
S214491D40F5F7D3FB034601930D4A019B52F823301E
S214491D505A1E0B49019B41F823200A4A019B52F817
S214491D60233003F00103002B06D1054A019B52F8A4
S214491D702330002B00D162B600BF03B05DF804FBE8
S214491D80E08F4020D08F402000B583B0F5F7ADFBFB
S214491D9003460193104A019B52F82330002B0DD17C
S214491DA0F2F791FC0090009B03F00103002B00D151
S214491DB072B60A49019B009A41F82320064A019BBC
S214491DC052F823305A1C0449019B41F8232000BF8E
S214491DD003B05DF804FB00BF00904020F08F402020
S214491DE000B583B0F5F781FB034601930D4A019B85
S214491DF052F823305A1E0B49019B41F823200A4AC0
S214491E00019B52F8233003F00103002B06D1054A03
S214491E10019B52F82330002B00D162B600BF03B0B5
S214491E205DF804FB00904020F08F402000B583B059
S214491E30F5F75BFB03460193104A019B52F82330A2
S214491E40002B0DD1F2F73FFC0090009B03F00103F5
S214491E50002B00D172B60A49019B009A41F823200B
S214491E60064A019B52F823305A1C0449019B41F803
S214491E70232000BF03B05DF804FB00BF209040203C
S214491E801090402000B583B0F5F72FFB0346019329
S214491E900D4A019B52F823305A1E0B49019B41F8C3
S214491EA023200A4A019B52F8233003F00103002BF2
S214491EB006D1054A019B52F82330002B00D162B661
S214491EC000BF03B05DF804FB2090402010904020EE
S214491ED000B583B0F5F709FB03460193104A019B09
S214491EE052F82330002B0DD1F2F7EDFB0090009B02
S214491EF003F00103002B00D172B60A49019B009AF0
S214491F0041F82320064A019B52F823305A1C0449BB
S214491F10019B41F8232000BF03B05DF804FB00BFD6
S214491F20409040203090402000B583B0F5F7DDFA68
S214491F30034601930D4A019B52F823305A1E0B491A
S214491F40019B41F823200A4A019B52F8233003F0AB
S214491F500103002B06D1054A019B52F82330002B7A
S214491F6000D162B600BF03B05DF804FB4090402044
S214491F703090402000B583B0F5F7B7FA0346019391
S214491F80104A019B52F82330002B0DD1F2F79BFBE8
S214491F900090009B03F00103002B00D172B60A495A
S214491FA0019B009A41F82320064A019B52F82330A8
S214491FB05A1C0449019B41F8232000BF03B05DF831
S214491FC004FB00BF609040205090402000B583B08D
S214491FD0F5F78BFA034601930D4A019B52F82330D5
S214491FE05A1E0B49019B41F823200A4A019B52F885
S214491FF0233003F00103002B06D1054A019B52F812
S2144920002330002B00D162B600BF03B05DF804FB55
S214492010609040205090402000B583B0F5F765FAAF
S21449202003460193104A019B52F82330002B0DD1E9
S214492030F2F749FB0090009B03F00103002B00D107
S21449204072B60A49019B009A41F82320064A019B29
S21449205052F823305A1C0449019B41F8232000BFFB
S21449206003B05DF804FB00BF80904020709040208C
S21449207000B583B0F5F739FA034601930D4A019B3B
S21449208052F823305A1E0B49019B41F823200A4A2D
S214492090019B52F8233003F00103002B06D1054A71
S2144920A0019B52F82330002B00D162B600BF03B023
S2144920B05DF804FB809040207090402000B583B0C6
S2144920C0F5F713FA03460193104A019B52F8233059
S2144920D0002B0DD1F2F7F7FA0090009B03F00103AD
S2144920E0002B00D172B60A49019B009A41F8232079
S2144920F0064A019B52F823305A1C0449019B41F871
S214492100232000BF03B05DF804FB00BFA090402029
S2144921109090402000B583B0F5F7E7F90346019360
S2144921200D4A019B52F823305A1E0B49019B41F830
S21449213023200A4A019B52F8233003F00103002B5F
S21449214006D1054A019B52F82330002B00D162B6CE
S21449215000BF03B05DF804FBA0904020909040205B
S21449216000B583B0F5F7C1F903460193104A019BC0
S21449217052F82330002B0DD1F2F7A5FA0090009BB8
S21449218003F00103002B00D172B60A49019B009A5D
S21449219041F82320064A019B52F823305A1C044929
S2144921A0019B41F8232000BF03B05DF804FB00BF44
S2144921B0C0904020B090402000B583B0F5F795F91F
S2144921C0034601930D4A019B52F823305A1E0B4988
S2144921D0019B41F823200A4A019B52F8233003F019
S2144921E00103002B06D1054A019B52F82330002BE8
S2144921F000D162B600BF03B05DF804FBC090402032
S214492200B090402000B583B0F5F76FF903460193C7
S214492210104A019B52F82330002B0DD1F2F753FA9E
S2144922200090009B03F00103002B00D172B60A49C7
S214492230019B009A41F82320064A019B52F8233015
S2144922405A1C0449019B41F8232000BF03B05DF89E
S21449225004FB00BFE0904020D090402000B583B0FA
S214492260F5F743F9034601930D4A019B52F823308B
S2144922705A1E0B49019B41F823200A4A019B52F8F2
S214492280233003F00103002B06D1054A019B52F87F
S2144922902330002B00D162B600BF03B05DF804FBC3
S2144922A0E0904020D090402000B583B0F5F71DF966
S2144922B003460193104A019B52F82330002B0DD157
S2144922C0F2F701FA0090009B03F00103002B00D1BE
S2144922D072B60A49019B009A41F82320064A019B97
S2144922E052F823305A1C0449019B41F8232000BF69
S2144922F003B05DF804FB00BF00914020F0904020F9
S21449230000B583B0F5F7F1F8034601930D4A019BF2
S21449231052F823305A1E0B49019B41F823200A4A9A
S214492320019B52F8233003F00103002B06D1054ADE
S214492330019B52F82330002B00D162B600BF03B090
S2144923405DF804FB00914020F090402000B583B032
S214492350F5F7CBF803460193104A019B52F8233010
S214492360002B0DD1F2F7AFF90090009B03F0010363
S214492370002B00D172B60A49019B009A41F82320E6
S214492380064A019B52F823305A1C0449019B41F8DE
S214492390232000BF03B05DF804FB00BF2091402016
S2144923A01091402000B583B0F5F79FF80346019396
S2144923B00D4A019B52F823305A1E0B49019B41F89E
S2144923C023200A4A019B52F8233003F00103002BCD
S2144923D006D1054A019B52F82330002B00D162B63C
S2144923E000BF03B05DF804FB2091402010914020C7
S2144923F000B583B0F5F779F803460193104A019B77
S21449240052F82330002B0DD1F2F75DF90090009B6E
S21449241003F00103002B00D172B60A49019B009ACA
S21449242041F82320064A019B52F823305A1C044996
S214492430019B41F8232000BF03B05DF804FB00BFB1
S214492440409140203091402000B583B0F5F74DF8D3
S214492450034601930D4A019B52F823305A1E0B49F5
S214492460019B41F823200A4A019B52F8233003F086
S2144924700103002B06D1054A019B52F82330002B55
S21449248000D162B600BF03B05DF804FB409140201E
S2144924903091402000B583B0F5F727F803460193FD
S2144924A0104A019B52F82330002B0DD1F2F70BF955
S2144924B00090009B03F00103002B00D172B60A4935
S2144924C0019B009A41F82320064A019B52F8233083
S2144924D05A1C0449019B41F8232000BF03B05DF80C
S2144924E004FB00BF609140205091402000B583B066
S2144924F0F4F7FBFF034601930D4A019B52F823303C
S2144925005A1E0B49019B41F823200A4A019B52F85F
S214492510233003F00103002B06D1054A019B52F8EC
S2144925202330002B00D162B600BF03B05DF804FB30
S214492530609140205091402000B583B0F4F7D5FF14
S21449254003460193104A019B52F82330002B0DD1C4
S214492550F2F7B9F80090009B03F00103002B00D175
S21449256072B60A49019B009A41F82320064A019B04
S21449257052F823305A1C0449019B41F8232000BFD6
S21449258003B05DF804FB00BF809140207091402065
S21449259000B583B0F4F7A9FF034601930D4A019BA2
S2144925A052F823305A1E0B49019B41F823200A4A08
S2144925B0019B52F8233003F00103002B06D1054A4C
S2144925C0019B52F82330002B00D162B600BF03B0FE
S2144925D05DF804FB809140207091402000B583B09F
S2144925E0F4F783FF03460193104A019B52F82330C0
S2144925F0002B0DD1F2F767F80090009B03F001031A
S214492600002B00D172B60A49019B009A41F8232053
S214492610064A019B52F823305A1C0449019B41F84B
S214492620232000BF03B05DF804FB00BFA091402003
S2144926309091402000B583B0F4F757FF03460193C5
S2144926400D4A019B52F823305A1E0B49019B41F80B
S21449265023200A4A019B52F8233003F00103002B3A
S21449266006D1054A019B52F82330002B00D162B6A9
S21449267000BF03B05DF804FBA09140209091402034
S21449268000B583B0F4F731FF03460193104A019B26
S21449269052F82330002B0DD1F2F715F80090009B25
S2144926A003F00103002B00D172B60A49019B009A38
S2144926B041F82320064A019B52F823305A1C044904
S2144926C0019B41F8232000BF03B05DF804FB00BF1F
S2144926D0C0914020B091402000B583B0F4F705FF83
S2144926E0034601930D4A019B52F823305A1E0B4963
S2144926F0019B41F823200A4A019B52F8233003F0F4
S2144927000103002B06D1054A019B52F82330002BC2
S21449271000D162B600BF03B05DF804FBC09140200B
S214492720B091402000B583B0F4F7DFFE034601932D
S214492730104A019B52F82330002B0DD1F1F7C3FF05
S2144927400090009B03F00103002B00D172B60A49A2
S214492750019B009A41F82320064A019B52F82330F0
S2144927605A1C0449019B41F8232000BF03B05DF879
S21449277004FB00BFE0914020D091402000B583B0D3
S214492780F4F7B3FE034601930D4A019B52F82330F2
S2144927905A1E0B49019B41F823200A4A019B52F8CD
S2144927A0233003F00103002B06D1054A019B52F85A
S2144927B02330002B00D162B600BF03B05DF804FB9E
S2144927C0E0914020D091402000B583B0F4F78DFECB
S2144927D003460193104A019B52F82330002B0DD132
S2144927E0F1F771FF0090009B03F00103002B00D125
S2144927F072B60A49019B009A41F82320064A019B72
S21449280052F823305A1C0449019B41F8232000BF43
S21449281003B05DF804FB00BF00924020F0914020D1
S21449282000B583B0F4F761FE034601930D4A019B58
S21449283052F823305A1E0B49019B41F823200A4A75
S214492840019B52F8233003F00103002B06D1054AB9
S214492850019B52F82330002B00D162B600BF03B06B
S2144928605DF804FB00924020F091402000B583B00B
S214492870F4F73BFE03460193104A019B52F8233076
S214492880002B0DD1F1F71FFF0090009B03F00103C9
S214492890002B00D172B60A49019B009A41F82320C1
S2144928A0064A019B52F823305A1C0449019B41F8B9
S2144928B0232000BF03B05DF804FB00BF20924020F0
S2144928C01092402000B583B0F4F70FFE03460193FB
S2144928D00D4A019B52F823305A1E0B49019B41F879
S2144928E023200A4A019B52F8233003F00103002BA8
S2144928F006D1054A019B52F82330002B00D162B617
S21449290000BF03B05DF804FB20924020109240209F
S21449291000B583B0F4F7E9FD03460193104A019BDD
S21449292052F82330002B0DD1F1F7CDFE0090009BD5
S21449293003F00103002B00D172B60A49019B009AA5
S21449294041F82320064A019B52F823305A1C044971
S214492950019B41F8232000BF03B05DF804FB00BF8C
S214492960409240203092402000B583B0F4F7BDFD38
S214492970034601930D4A019B52F823305A1E0B49D0
S214492980019B41F823200A4A019B52F8233003F061
S2144929900103002B06D1054A019B52F82330002B30
S2144929A000D162B600BF03B05DF804FB40924020F8
S2144929B03092402000B583B0F4F797FD0346019363
S2144929C0104A019B52F82330002B0DD1F1F77BFEBC
S2144929D00090009B03F00103002B00D172B60A4910
S2144929E0019B009A41F82320064A019B52F823305E
S2144929F05A1C0449019B41F8232000BF03B05DF8E7
S214492A0004FB00BF609240205092402000B583B03E
S214492A10F4F76BFD034601930D4A019B52F82330A8
S214492A205A1E0B49019B41F823200A4A019B52F83A
S214492A30233003F00103002B06D1054A019B52F8C7
S214492A402330002B00D162B600BF03B05DF804FB0B
S214492A50609240205092402000B583B0F4F745FD7F
S214492A6003460193104A019B52F82330002B0DD19F
S214492A70F1F729FE0090009B03F00103002B00D1DB
S214492A8072B60A49019B009A41F82320064A019BDF
S214492A9052F823305A1C0449019B41F8232000BFB1
S214492AA003B05DF804FB00BF80924020709240203E
S214492AB000B583B0F4F719FD034601930D4A019B0F
S214492AC052F823305A1E0B49019B41F823200A4AE3
S214492AD0019B52F8233003F00103002B06D1054A27
S214492AE0019B52F82330002B00D162B600BF03B0D9
S214492AF05DF804FB809240207092402000B583B078
S214492B00F4F7F3FC03460193104A019B52F823302D
S214492B10002B0DD1F1F7D7FD0090009B03F0010380
S214492B20002B00D172B60A49019B009A41F823202E
S214492B30064A019B52F823305A1C0449019B41F826
S214492B40232000BF03B05DF804FB00BFA0924020DD
S214492B509092402000B583B0F4F7C7FC0346019332
S214492B600D4A019B52F823305A1E0B49019B41F8E6
S214492B7023200A4A019B52F8233003F00103002B15
S214492B8006D1054A019B52F82330002B00D162B684
S214492B9000BF03B05DF804FBA0924020909240200D
S214492BA000B583B0F4F7A1FC03460193104A019B94
S214492BB052F82330002B0DD1F1F785FD0090009B8C
S214492BC003F00103002B00D172B60A49019B009A13
S214492BD041F82320064A019B52F823305A1C0449DF
S214492BE0019B41F8232000BF03B05DF804FB00BFFA
S214492BF0C0924020B092402000B583B0F4F775FCEF
S214492C00034601930D4A019B52F823305A1E0B493D
S214492C10019B41F823200A4A019B52F8233003F0CE
S214492C200103002B06D1054A019B52F82330002B9D
S214492C3000D162B600BF03B05DF804FBC0924020E5
S214492C40B092402000B583B0F4F74FFC0346019399
S214492C50104A019B52F82330002B0DD1F1F73CFD69
S214492C600090009B03F00103002B00D172B60A497D
S214492C70019B009A41F82320064A019B52F82330CB
S214492C805A1C0449019B41F8232000BF03B05DF854
S214492C9004FB00BFE0924020D092402000B583B0AC
S214492CA0F4F723FC034601930D4A019B52F823305F
S214492CB05A1E0B49019B41F823200A4A019B52F8A8
S214492CC0233003F00103002B06D1054A019B52F835
S214492CD02330002B00D162B600BF03B05DF804FB79
S214492CE0E0924020D092402000B583B0F4F7FDFB37
S214492CF003460193104A019B52F82330002B0DD10D
S214492D00F1F7EAFC0090009B03F00103002B00D189
S214492D1072B60A49019B009A41F82320064A019B4C
S214492D2052F823305A1C0449019B41F8232000BF1E
S214492D3003B05DF804FB00BF00934020F0924020AA
S214492D4000B583B0F4F7D1FB034601930D4A019BC6
S214492D5052F823305A1E0B49019B41F823200A4A50
S214492D60019B52F8233003F00103002B06D1054A94
S214492D70019B52F82330002B00D162B600BF03B046
S214492D805DF804FB00934020F092402000B583B0E4
S214492D90F4F7ABFB03460193104A019B52F82330E4
S214492DA0002B0DD1F1F798FC0090009B03F001032E
S214492DB0002B00D172B60A49019B009A41F823209C
S214492DC0064A019B52F823305A1C0449019B41F894
S214492DD0232000BF03B05DF804FB00BF20934020CA
S214492DE01093402000B583B0F4F77FFB0346019368
S214492DF00D4A019B52F823305A1E0B49019B41F854
S214492E0023200A4A019B52F8233003F00103002B82
S214492E1006D1054A019B52F82330002B00D162B6F1
S214492E2000BF03B05DF804FB209340201093402078
S214492E3000B583B0F4F759FB03460193104A019B4A
S214492E4052F82330002B0DD1F1F746FC0090009B39
S214492E5003F00103002B00D172B60A49019B009A80
S214492E6041F82320064A019B52F823305A1C04494C
S214492E70019B41F8232000BF03B05DF804FB00BF67
S214492E80409340203093402000B583B0F4F72DFBA3
S214492E90034601930D4A019B52F823305A1E0B49AB
S214492EA0019B41F823200A4A019B52F8233003F03C
S214492EB00103002B06D1054A019B52F82330002B0B
S214492EC000D162B600BF03B05DF804FB40934020D2
S214492ED03093402000B583B0F4F707FB03460193CF
S214492EE0104A019B52F82330002B0DD1F1F7F4FB21
S214492EF00090009B03F00103002B00D172B60A49EB
S214492F00019B009A41F82320064A019B52F8233038
S214492F105A1C0449019B41F8232000BF03B05DF8C1
S214492F2004FB00BF609340205093402000B583B017
S214492F30F4F7DBFA034601930D4A019B52F8233016
S214492F405A1E0B49019B41F823200A4A019B52F815
S214492F50233003F00103002B06D1054A019B52F8A2
S214492F602330002B00D162B600BF03B05DF804FBE6
S214492F70609340205093402000B583B0F4F7B5FAEB
S214492F8003460193104A019B52F82330002B0DD17A
S214492F90F1F7A2FB0090009B03F00103002B00D140
S214492FA072B60A49019B009A41F82320064A019BBA
S214492FB052F823305A1C0449019B41F8232000BF8C
S214492FC003B05DF804FB00BF809340207093402017
S214492FD000B583B0F4F789FA034601930D4A019B7D
S214492FE052F823305A1E0B49019B41F823200A4ABE
S214492FF0019B52F8233003F00103002B06D1054A02
S214493000019B52F82330002B00D162B600BF03B0B3
S2144930105DF804FB809340207093402000B583B050
S214493020F4F763FA03460193104A019B52F823309A
S214493030002B0DD1F1F750FB0090009B03F00103E4
S214493040002B00D172B60A49019B009A41F8232009
S214493050064A019B52F823305A1C0449019B41F801
S214493060232000BF03B05DF804FB00BFA0934020B7
S2144930709093402000B583B0F4F737FA034601939E
S2144930800D4A019B52F823305A1E0B49019B41F8C1
S21449309023200A4A019B52F8233003F00103002BF0
S2144930A006D1054A019B52F82330002B00D162B65F
S2144930B000BF03B05DF804FBA093402090934020E6
S2144930C000B583B0F4F711FA03460193104A019B01
S2144930D052F82330002B0DD1F1F7FEFA0090009BF1
S2144930E003F00103002B00D172B60A49019B009AEE
S2144930F041F82320064A019B52F823305A1C0449BA
S214493100019B41F8232000BF03B05DF804FB00BFD4
S214493110C0934020B093402000B583B0F4F7E5F95A
S214493120034601930D4A019B52F823305A1E0B4918
S214493130019B41F823200A4A019B52F8233003F0A9
S2144931400103002B06D1054A019B52F82330002B78
S21449315000D162B600BF03B05DF804FBC0934020BF
S214493160B093402000B583B0F4F7BFF90346019306
S214493170104A019B52F82330002B0DD1F1F7ACFAD7
S2144931800090009B03F00103002B00D172B60A4958
S214493190019B009A41F82320064A019B52F82330A6
S2144931A05A1C0449019B41F8232000BF03B05DF82F
S2144931B004FB00BFE0934020D093402000B583B085
S2144931C0F4F793F9034601930D4A019B52F82330CD
S2144931D05A1E0B49019B41F823200A4A019B52F883
S2144931E0233003F00103002B06D1054A019B52F810
S2144931F02330002B00D162B600BF03B05DF804FB54
S214493200E0934020D093402000B583B0F4F76DF9A1
S21449321003460193104A019B52F82330002B0DD1E7
S214493220F1F75AFA0090009B03F00103002B00D1F6
S21449323072B60A49019B009A41F82320064A019B27
S21449324052F823305A1C0449019B41F8232000BFF9
S21449325003B05DF804FB00BF00944020F093402083
S21449326000B583B0F4F741F9034601930D4A019B33
S21449327052F823305A1E0B49019B41F823200A4A2B
S214493280019B52F8233003F00103002B06D1054A6F
S214493290019B52F82330002B00D162B600BF03B021
S2144932A05DF804FB00944020F093402000B583B0BD
S2144932B0F4F71BF903460193104A019B52F8233051
S2144932C0002B0DD1F1F708FA0090009B03F001039B
S2144932D0002B00D172B60A49019B009A41F8232077
S2144932E0064A019B52F823305A1C0449019B41F86F
S2144932F0232000BF03B05DF804FB00BF20944020A4
S2144933001094402000B583B0F4F7EFF803460193D4
S2144933100D4A019B52F823305A1E0B49019B41F82E
S21449332023200A4A019B52F8233003F00103002B5D
S21449333006D1054A019B52F82330002B00D162B6CC
S21449334000BF03B05DF804FB209440201094402051
S21449335000B583B0F4F7C9F803460193104A019BB8
S21449336052F82330002B0DD1F1F7B6F90090009BA7
S21449337003F00103002B00D172B60A49019B009A5B
S21449338041F82320064A019B52F823305A1C044927
S214493390019B41F8232000BF03B05DF804FB00BF42
S2144933A0409440203094402000B583B0F4F79DF80F
S2144933B0034601930D4A019B52F823305A1E0B4986
S2144933C0019B41F823200A4A019B52F8233003F017
S2144933D00103002B06D1054A019B52F82330002BE6
S2144933E000D162B600BF03B05DF804FB40944020AC
S2144933F03094402000B583B0F4F777F8034601933C
S214493400104A019B52F82330002B0DD1F1F764F98D
S2144934100090009B03F00103002B00D172B60A49C5
S214493420019B009A41F82320064A019B52F8233013
S2144934305A1C0449019B41F8232000BF03B05DF89C
S21449344004FB00BF609440205094402000B583B0F0
S214493450F4F74BF8034601930D4A019B52F8233083
S2144934605A1E0B49019B41F823200A4A019B52F8F0
S214493470233003F00103002B06D1054A019B52F87D
S2144934802330002B00D162B600BF03B05DF804FBC1
S214493490609440205094402000B583B0F4F725F856
S2144934A003460193104A019B52F82330002B0DD155
S2144934B0F1F712F90090009B03F00103002B00D1AD
S2144934C072B60A49019B009A41F82320064A019B95
S2144934D052F823305A1C0449019B41F8232000BF67
S2144934E003B05DF804FB00BF8094402070944020F0
S2144934F000B583B0F3F7F9FF034601930D4A019BE4
S21449350052F823305A1E0B49019B41F823200A4A98
S214493510019B52F8233003F00103002B06D1054ADC
S214493520019B52F82330002B00D162B600BF03B08E
S2144935305DF804FB809440207094402000B583B029
S214493540F3F7D3FF03460193104A019B52F8233001
S214493550002B0DD1F1F7C0F80090009B03F0010352
S214493560002B00D172B60A49019B009A41F82320E4
S214493570064A019B52F823305A1C0449019B41F8DC
S214493580232000BF03B05DF804FB00BFA094402091
S2144935909094402000B583B0F3F7A7FF0346019304
S2144935A00D4A019B52F823305A1E0B49019B41F89C
S2144935B023200A4A019B52F8233003F00103002BCB
S2144935C006D1054A019B52F82330002B00D162B63A
S2144935D000BF03B05DF804FBA094402090944020BF
S2144935E000B583B0F3F781FF03460193104A019B68
S2144935F052F82330002B0DD1F1F76EF80090009B5E
S21449360003F00103002B00D172B60A49019B009AC8
S21449361041F82320064A019B52F823305A1C044994
S214493620019B41F8232000BF03B05DF804FB00BFAF
S214493630C0944020B094402000B583B0F3F755FFBE
S214493640034601930D4A019B52F823305A1E0B49F3
S214493650019B41F823200A4A019B52F8233003F084
S2144936600103002B06D1054A019B52F82330002B53
S21449367000D162B600BF03B05DF804FBC094402099
S214493680B094402000B583B0F3F72FFF034601936B
S214493690104A019B52F82330002B0DD1F1F71CF844
S2144936A00090009B03F00103002B00D172B60A4933
S2144936B0019B009A41F82320064A019B52F8233081
S2144936C05A1C0449019B41F8232000BF03B05DF80A
S2144936D004FB00BFE0944020D094402000B583B05E
S2144936E0F3F703FF034601930D4A019B52F8233033
S2144936F05A1E0B49019B41F823200A4A019B52F85E
S214493700233003F00103002B06D1054A019B52F8EA
S2144937102330002B00D162B600BF03B05DF804FB2E
S214493720E0944020D094402000B583B0F3F7DDFE06
S21449373003460193104A019B52F82330002B0DD1C2
S214493740F0F7CAFF0090009B03F00103002B00D15D
S21449375072B60A49019B009A41F82320064A019B02
S21449376052F823305A1C0449019B41F8232000BFD4
S21449377003B05DF804FB00BF00954020F09440205C
S21449378000B583B0F3F7B1FE034601930D4A019B9A
S21449379052F823305A1E0B49019B41F823200A4A06
S2144937A0019B52F8233003F00103002B06D1054A4A
S2144937B0019B52F82330002B00D162B600BF03B0FC
S2144937C05DF804FB00954020F094402000B583B096
S2144937D0F3F78BFE03460193104A019B52F82330B8
S2144937E0002B0DD1F0F778FF0090009B03F0010302
S2144937F0002B00D172B60A49019B009A41F8232052
S214493800064A019B52F823305A1C0449019B41F849
S214493810232000BF03B05DF804FB00BF209540207D
S2144938201095402000B583B0F3F75FFE0346019339
S2144938300D4A019B52F823305A1E0B49019B41F809
S21449384023200A4A019B52F8233003F00103002B38
S21449385006D1054A019B52F82330002B00D162B6A7
S21449386000BF03B05DF804FB20954020109540202A
S21449387000B583B0F3F739FE03460193104A019B1E
S21449388052F82330002B0DD1F0F726FF0090009B0D
S21449389003F00103002B00D172B60A49019B009A36
S2144938A041F82320064A019B52F823305A1C044902
S2144938B0019B41F8232000BF03B05DF804FB00BF1D
S2144938C0409540203095402000B583B0F3F70DFE73
S2144938D0034601930D4A019B52F823305A1E0B4961
S2144938E0019B41F823200A4A019B52F8233003F0F2
S2144938F00103002B06D1054A019B52F82330002BC1
S21449390000D162B600BF03B05DF804FB4095402085
S2144939103095402000B583B0F3F7E7FD03460193A1
S214493920104A019B52F82330002B0DD1F0F7D4FEF4
S2144939300090009B03F00103002B00D172B60A49A0
S214493940019B009A41F82320064A019B52F82330EE
S2144939505A1C0449019B41F8232000BF03B05DF877
S21449396004FB00BF609540205095402000B583B0C9
S214493970F3F7BBFD034601930D4A019B52F82330EA
S2144939805A1E0B49019B41F823200A4A019B52F8CB
S214493990233003F00103002B06D1054A019B52F858
S2144939A02330002B00D162B600BF03B05DF804FB9C
S2144939B0609540205095402000B583B0F3F795FDBB
S2144939C003460193104A019B52F82330002B0DD130
S2144939D0F0F782FE0090009B03F00103002B00D114
S2144939E072B60A49019B009A41F82320064A019B70
S2144939F052F823305A1C0449019B41F8232000BF42
S214493A0003B05DF804FB00BF8095402070954020C8
S214493A1000B583B0F3F769FD034601930D4A019B50
S214493A2052F823305A1E0B49019B41F823200A4A73
S214493A30019B52F8233003F00103002B06D1054AB7
S214493A40019B52F82330002B00D162B600BF03B069
S214493A505DF804FB809540207095402000B583B002
S214493A60F3F743FD03460193104A019B52F823306E
S214493A70002B0DD1F0F730FE0090009B03F00103B8
S214493A80002B00D172B60A49019B009A41F82320BF
S214493A90064A019B52F823305A1C0449019B41F8B7
S214493AA0232000BF03B05DF804FB00BFA09540206B
S214493AB09095402000B583B0F3F717FD0346019370
S214493AC00D4A019B52F823305A1E0B49019B41F877
S214493AD023200A4A019B52F8233003F00103002BA6
S214493AE006D1054A019B52F82330002B00D162B615
S214493AF000BF03B05DF804FBA09540209095402098
S214493B0000B583B0F3F7F1FC03460193104A019BD5
S214493B1052F82330002B0DD1F0F7DEFD0090009BC4
S214493B2003F00103002B00D172B60A49019B009AA3
S214493B3041F82320064A019B52F823305A1C04496F
S214493B40019B41F8232000BF03B05DF804FB00BF8A
S214493B50C0954020B095402000B583B0F3F7C5FC2A
S214493B60034601930D4A019B52F823305A1E0B49CE
S214493B70019B41F823200A4A019B52F8233003F05F
S214493B800103002B06D1054A019B52F82330002B2E
S214493B9000D162B600BF03B05DF804FBC095402073
S214493BA0B095402000B583B0F3F79FFC03460193D8
S214493BB0104A019B52F82330002B0DD1F0F78CFDAB
S214493BC00090009B03F00103002B00D172B60A490E
S214493BD0019B009A41F82320064A019B52F823305C
S214493BE05A1C0449019B41F8232000BF03B05DF8E5
S214493BF004FB00BFE0954020D095402000B583B037
S214493C00F3F773FC034601930D4A019B52F82330A0
S214493C105A1E0B49019B41F823200A4A019B52F838
S214493C20233003F00103002B06D1054A019B52F8C5
S214493C302330002B00D162B600BF03B05DF804FB09
S214493C40E0954020D095402000B583B0F3F74DFC71
S214493C5003460193104A019B52F82330002B0DD19D
S214493C60F0F73AFD0090009B03F00103002B00D1CA
S214493C7072B60A49019B009A41F82320064A019BDD
S214493C8052F823305A1C0449019B41F8232000BFAF
S214493C9003B05DF804FB00BF00964020F095402035
S214493CA000B583B0F3F721FC034601930D4A019B07
S214493CB052F823305A1E0B49019B41F823200A4AE1
S214493CC0019B52F8233003F00103002B06D1054A25
S214493CD0019B52F82330002B00D162B600BF03B0D7
S214493CE05DF804FB00964020F095402000B583B06F
S214493CF0F3F7FBFB03460193104A019B52F8233026
S214493D00002B0DD1F0F7E8FC0090009B03F001036F
S214493D10002B00D172B60A49019B009A41F823202C
S214493D20064A019B52F823305A1C0449019B41F824
S214493D30232000BF03B05DF804FB00BF2096402057
S214493D401096402000B583B0F3F7CFFB03460193A6
S214493D500D4A019B52F823305A1E0B49019B41F8E4
S214493D6023200A4A019B52F8233003F00103002B13
S214493D7006D1054A019B52F82330002B00D162B682
S214493D8000BF03B05DF804FB209640201096402003
S214493D9000B583B0F3F7A9FB03460193104A019B8C
S214493DA052F82330002B0DD1F0F796FC0090009B7B
S214493DB003F00103002B00D172B60A49019B009A11
S214493DC041F82320064A019B52F823305A1C0449DD
S214493DD0019B41F8232000BF03B05DF804FB00BFF8
S214493DE0409640203096402000B583B0F3F77DFBDF
S214493DF0034601930D4A019B52F823305A1E0B493C
S214493E00019B41F823200A4A019B52F8233003F0CC
S214493E100103002B06D1054A019B52F82330002B9B
S214493E2000D162B600BF03B05DF804FB409640205F
S214493E303096402084B00346ADF8063000230293FE
S214493E4000238DF80F3023E0BDF806209DF80F308B
S214493E5022FA03F303F001029DF80F30C3F10F0372
S214493E609A40BDF806109DF80F3001FA03F303F4A3
S214493E7000419DF80F30C3F10F0321FA03F31343B2
S214493E80029A134302939DF80F3001338DF80F3091
S214493E909DF80F30072BD7D9029B9BB2184604B022
S214493EA0704782B003468DF807300B46ADF80430AC
S214493EB013468DF806309DF80730094A52F82330E4
S214493EC0BDF8042082F0030292B2134403F59853D6
S214493ED01A469DF80630137000BF02B0704700BFFF
S214493EE0640E402000B585B001900B46ADF802300F
S214493EF013468DF80130019B002B14BF0123002384
S214493F00DBB21846F0F7F1FBBDF802300F2B94BF31
S214493F1001230023DBB21846F0F7E7FB9DF8013092
S214493F20012B94BF01230023DBB21846F0F7DDFBD3
S214493F30FBF78CFD019B1B88ADF80E30BDF80230AF
S214493F40C3F10F03012202FA03F39BB2DB439AB291
S214493F50BDF80E301340ADF80E309DF8013003F031
S214493F600102BDF80230C3F10F0302FA03F39AB215
S214493F70BDF80E301343ADF80E30019BBDF80E2048
S214493F801A80FBF78FFD00BF05B05DF804FB00B54E
S214493F9083B001900B46ADF8023013468DF80130D8
S214493FA0019B002B14BF01230023DBB21846F0F710
S214493FB09CFBBDF802300F2B94BF01230023DBB2D4
S214493FC01846F0F792FB9DF80130012B94BF012368
S214493FD00023DBB21846F0F788FB9DF80120BDF8B0
S214493FE0023019460198FFF77DFF00BF03B05DF820
S214493FF004FB00B583B003460A468DF807301346DE
S214494000ADF80430BDF804109DF807300122184673
S214494010FFF747FF00BF03B05DF804FB00B583B068
S21449402003460A468DF807301346ADF80430BDF806
S21449403004109DF8073000221846FFF732FF00BFEC
S21449404003B05DF804FB00B583B001900B46ADF8AC
S2144940500230BDF802301846FFF7ECFE03461A4612
S214494060019B1A8000BF03B05DF804FB00B583B01E
S21449407001900B46ADF80230019B002B14BF01237B
S2144940800023DBB21846F0F730FBBDF8023019467C
S2144940900198FFF7D8FF00BF03B05DF804FB00B5F1
S2144940A085B001900023ADF80E30019B1B889BB26A
S2144940B01846FFF7BFFE0346ADF80E30BDF80E3082
S2144940C0184605B05DF804FB00B585B00190019B24
S2144940D0002B14BF01230023DBB21846F0F705FB7B
S2144940E00023ADF80E300198FFF7D9FF0346ADF827
S2144940F00E30BDF80E30184605B05DF804FB00B525
S21449410083B001900B46ADF80230BDF80230184630
S214494110FFF790FE03461A46019B1B889BB2134342
S2144941209AB2019B1A8000BF03B05DF804FB00B544
S21449413083B001900B46ADF80230019B002B14BFAB
S21449414001230023DBB21846F0F7CFFABDF8023058
S21449415019460198FFF7D3FF00BF03B05DF804FB8B
S21449416000B583B001900B46ADF80230BDF8023079
S2144941701846FFF75FFE0346DB439AB2019B1B884E
S2144941809BB213409AB2019B1A8000BF03B05DF8F8
S21449419004FB00B583B001900B46ADF80230019B95
S2144941A0002B14BF01230023DBB21846F0F79DFA13
S2144941B0BDF8023019460198FFF7D2FF00BF03B099
S2144941C05DF804FB00B583B001900B46ADF80230AC
S2144941D0BDF802301846FFF72DFE03461A46019BE6
S2144941E01B889BB253409AB2019B1A8000BF03B00A
S2144941F05DF804FB00B583B001900B46ADF802307C
S214494200019B002B14BF01230023DBB21846F0F7AD
S2144942106CFABDF8023019460198FFF7D3FF00BF84
S21449422003B05DF804FB00B585B001900023ADF8F6
S2144942300E30019BB3F840309BB21846FFF7FAFDA3
S2144942400346ADF80E30BDF80E30184605B05DF899
S21449425004FB00B585B00190019B002B14BF0123D8
S2144942600023DBB21846F0F740FA0023ADF80E30CB
S2144942700198FFF7D8FF0346ADF80E30BDF80E306B
S214494280184605B05DF804FB00B585B001900B46AD
S214494290ADF8023000238DF80F30019BB3F840305B
S2144942A09BB21846FFF7C6FD03461946BDF80230CD
S2144942B0012202FA03F301EA0302BDF8023042FA88
S2144942C003F38DF80F309DF80F30184605B05DF8AA
S2144942D004FB00B585B001900B46ADF80230019B52
S2144942E0002B14BF01230023DBB21846F0F7FDF973
S2144942F0BDF802300F2B94BF01230023DBB21846CA
S214494300F0F7F3F900238DF80F30BDF8023019465F
S2144943100198FFF7B9FF03468DF80F309DF80F3027
S214494320184605B05DF804FB10B584B00446084647
S21449433011461A4623468DF8073003468DF806304F
S2144943400B46ADF804301346ADF802309DF80730F9
S214494350012B94BF01230023DBB21846F0F7C5F9B9
S2144943609DF806300A2B94BF01230023DBB218467A
S214494370F0F7BBF9BDF802301846FFF75BFD034678
S2144943800393BDF804301846FFF754FD03460293DD
S214494390039B1A049DF80730074951F823309DF8C6
S2144943A0061089000B4403F5BC531946029B134378
S2144943B00B6000BF04B010BD640E402010B582B03B
S2144943C00446084611461A4623468DF807300346E2
S2144943D08DF806300B46ADF804301346ADF802307A
S2144943E0BDF80230BDF804209DF806109DF8070078
S2144943F0FFF79AFF00BF02B010BD00BF00B585B0F9
S21449440001900023039300238DF80B30019B002B6A
S21449441014BF01230023DBB21846F0F774F9019B59
S2144944205B689A2B94BF01230023DBB21846F0F74A
S2144944306AF9019B1B68554A934202D100238DF8BD
S2144944400B30019B9B68022B0BD0039B43F4005314
S2144944500393019B9B68DB0203F40063039A1343AF
S2144944600393019BDB6A022B07D0019BDB6A5B0542
S21449447003F40013039A13430393019B9B6A022B8D
S21449448007D0019B9B6A5B0403F40033039A1343EA
S2144944900393019B5B6A022B07D0019B5B6A1B0453
S2144944A003F48033039A13430393019B9B69022BBE
S2144944B007D0019B9B691B0203F48073039A13433D
S2144944C00393019BDB69022B07D0019BDB699B01A8
S2144944D003F04003039A13430393019B1B6B022B80
S2144944E007D0019B1B6BDB0403F40023039A134399
S2144944F00393019B5B69022B07D0019B5B699B0376
S21449450003F48043039A13430393019B1B69022BCD
S21449451007D0019B1B695B0103F02003039A1343F1
S2144945200393019BDB6803F00F03039A134303933A
S214494530019BDB68002B17D1019BDB6A012B13D14A
S214494540019B93F8BC30022B0ED0104A019B5B6846
S2144945509BB283F003039BB2134403F598531A4660
S214494560019B93F8BC301370019800F049F8019B01
S2144945701B68019A52689032039943F822100198B1
S21449458000F006F800BF05B05DF804FB00002940BE
S21449459086B00190184B1B68059300238DF813309D
S2144945A01FE09DF81330019A0C339B0013445B6857
S2144945B00393039B002B0FD0039B03F40043002B6C
S2144945C006D0039A0D4B1343059A1340059303E00F
S2144945D0059A039B134305939DF8133001338DF8D1
S2144945E013309DF81330012BDBD9034A059B136022
S2144945F000BF06B0704700BF0CC62A4081F9FFFFCE
S21449460086B00190019B1B6B012B38D100238DF896
S214494610173030E09DF81730019A0E339B0013444B
S2144946205B68102B22D09DF81730019A1E339B00E9
S21449463013445B680393039BB3F5007F01D2114B88
S2144946400493039BB3F5CC7F10D89DF81730019A95
S2144946500E339B0013445B68039AC2F3080203F0C7
S2144946600F01049B02F5247243F822109DF8173077
S21449467001338DF817309DF817300F2BCAD900BF74
S21449468006B070470000294088B00390029113464F
S214494690ADF806300023069300230593BDF806209F
S2144946A0029B53F822300693069B03F00F030593AB
S2144946B0039B059ADA60069B5B0903F001030593A1
S2144946C0039B059A1A61069B03F40053002B02D1FB
S2144946D00223079306E0069BDB0A03F001030593D2
S2144946E0059B0793039B079A9A60069B9B0B03F0CF
S2144946F001030593039B059A5A61069B1B0A03F01F
S21449470001030593039B059A9A61069B9B0903F04F
S21449471001030593039B059ADA61069B5B0C03F03C
S21449472001030593039B059A9A62069B1B0C03F0AB
S21449473001030593039B059A5A62069BDB0C03F01B
S21449474001030593039B059A1A63069B5B0D03F0C9
S21449475001030593039B059ADA6200BF08B07047C8
S21449476000B585B0019000910F4A009B13600F4A2F
S214494770019B1360002303930DE0039A13465B00E5
S21449478013449B011A46009B13441846FFF736FE0E
S214494790039B01330393039A019B9A42EDD300236B
S2144947A0184605B05DF804FB3C0C4020400C402000
S2144947B000B589B003900B460192ADF80A30039BC9
S2144947C0002B14BF01230023DBB21846EFF79BFFEB
S2144947D0BDF80A300F2B94BF01230023DBB21846DD
S2144947E0EFF791FF4FF4005307934FF40063069396
S2144947F0FEF77AFA019B022B09D0019B022B3FD880
S214494800019B002B11D0019B012B24D038E0BDF829
S2144948100A20039B53F82210079BDB43BDF80A2066
S2144948201940039B43F822102EE0BDF80A20039B4B
S21449483053F822300593059A079B13430593069B25
S214494840DB43059A13400593BDF80A20039B059957
S21449485043F8221018E0BDF80A20039B53F822308B
S2144948600593059A079B13430593059A069B13439D
S2144948700593BDF80A20039B059943F8221003E0E7
S2144948800020EFF740FF00BFFEF75AFA00BF09B015
S2144948905DF804FB00B585B0039001930B46ADF86F
S2144948A00A3013468DF80930039B002B14BF0123A9
S2144948B00023DBB21846EFF726FFBDF80A300F2B68
S2144948C094BF01230023DBB21846EFF71CFFFEF71F
S2144948D05DFABDF80A20039B53F82230BDF80A203A
S2144948E023F40011039B43F82210BDF80A20039BCA
S2144948F053F822309DF80920002A02D04FF40011BF
S21449490000E00021BDF80A201943039B43F8221012
S214494910BDF80A20039B53F82230BDF80A2023F03D
S2144949200F01039B43F82210BDF80A20039B53F856
S2144949302210019B03F00F03BDF80A201943039B7D
S21449494043F82210FEF74EFA00BF05B05DF804FBA7
S21449495000B589B0039001930B46ADF80A3013466B
S2144949608DF809304FF0FF330793019B0693BDF846
S2144949700A300F2B94BF01230023DBB21846EFF70A
S214494980C2FEFEF755FA039B002B1ED0BDF80A203F
S214494990039B53F82230BDF80A2023F40021039BD9
S2144949A043F82210BDF80A20039B53F822309DF89D
S2144949B00920002A02D04FF4002100E00021BDF86A
S2144949C00A201943039B43F822100A9B102B25D033
S2144949D0069BB3F5007F01D2134B0793069BB3F5AD
S2144949E0CC7F1BD8069BC3F30802079B02F52472AB
S2144949F053F822300593059B23F00F0305930A9B32
S214494A0003F00F03059A13430593069BC3F3080265
S214494A10079B02F52472059943F82210FEF734FAEB
S214494A2000BF09B05DF804FB0000294000B585B019
S214494A3003900B460192ADF80A30039B002B14BF36
S214494A4001230023DBB21846EFF75DFEBDF80A30B6
S214494A500F2B94BF01230023DBB21846EFF753FE12
S214494A60FEF738FA019B032B56D801A252F823F0D9
S214494A70814A4900B34A4900E54A4900FF4A490084
S214494A80BDF80A20039B53F82230BDF80A2023F4C8
S214494A900011039B43F82210BDF80A20039B53F8E4
S214494AA02230BDF80A2043F40021039B43F8221024
S214494AB033E0BDF80A20039B53F82230BDF80A209C
S214494AC023F40021039B43F82210BDF80A20039BD8
S214494AD053F82230BDF80A2043F40011039B43F8EB
S214494AE022101AE0BDF80A20039B53F82230BDF87D
S214494AF00A2043F42011039B43F822100DE0BDF829
S214494B000A20039B53F82230BDF80A2023F42011CB
S214494B10039B43F8221000E000BFFEF707FA00BFE8
S214494B2005B05DF804FB00B589B001900B46ADF8B9
S214494B3002304FF0FF330693284B1B680593284BEA
S214494B401B680493019B002B14BF01230023DBB28F
S214494B501846EFF7D8FDBDF802300F2B94BF012356
S214494B600023DBB21846EFF7CEFD019A1D4B1344DE
S214494B709B090393039B1A01BDF802301344029321
S214494B800023079320E0079A13465B0013449B01D2
S214494B901A46059B13445B68029A9A4211D1079AB2
S214494BA013465B0013449B011A46059B134418465B
S214494BB0FFF724FCBDF80220019B53F822300693E8
S214494BC006E0079B01330793079A049B9A42DAD378
S214494BD0069B184609B05DF804FB00BF3C0C402014
S214494BE0400C4020C0FDD6BF00B58DB00390029161
S214494BF01346ADF80630524B1B680993514B1B6858
S214494C000893039B002B14BF01230023DBB21846ED
S214494C10EFF779FDBDF806300F2B94BF012300232B
S214494C20DBB21846EFF76FFD474B0793039A079B8E
S214494C30D31A9B090693069B1A01BDF806301344FE
S214494C40059300230B9372E00B9A13465B001344BB
S214494C509B011A46099B13445B68059A9A4263D19D
S214494C600B9A13465B0013449B011A46099B13444F
S214494C701A68029B1A600B9A13465B0013449B0101
S214494C801A46099B13445A68029B5A600B9A134664
S214494C905B0013449B011A46099B134493F8BC20B6
S214494CA0029B83F8BC2000238DF82B3030E00B9A0A
S214494CB013465B0013449B011A46099B1A449DF808
S214494CC02B309DF82B001E339B0013445A680299DB
S214494CD000F11E039B000B445A600B9A13465B0077
S214494CE013449B011A46099B1A449DF82B309DF89C
S214494CF02B000E339B0013445A68029900F10E03A9
S214494D009B000B445A609DF82B3001338DF82B30AD
S214494D109DF82B300F2BCAD9BDF806301A46039991
S214494D200298FFF7B1FC07E00B9B01330B930B9AF4
S214494D30089B9A4288D300BF00BF0DB05DF804FBBC
S214494D403C0C4020400C40204002294000B585B02C
S214494D5003468DF80730164B03939DF80730022B10
S214494D6005D89DF80730002B01D0012300E0002329
S214494D7003F00103DBB21846EFF7D3FCFEF744FA1B
S214494D809DF80730012B06D1039B1B6843F00102AF
S214494D90039B1A6005E0039B1B6843F00202039BD2
S214494DA01A60FEF75DFA00BF05B05DF804FB00BF68
S214494DB000402C4000B585B003468DF80730164BA9
S214494DC003939DF80730022B05D89DF80730002B32
S214494DD001D0012300E0002303F00103DBB21846AB
S214494DE0EFF79FFCFEF710FA9DF80730012B06D126
S214494DF0039B1B6823F00102039B1A6005E0039B93
S214494E001B6823F00202039B1A60FEF729FA00BFCB
S214494E1005B05DF804FB00BF00402C4000B589B0E2
S214494E200146CDE900230B468DF80F301D4B0793FD
S214494E309DF80F30022B05D89DF80F30002B01D076
S214494E40012300E0002303F00103DBB21846EFF725
S214494E5068FC009B0693DDE900014FF000024FF025
S214494E6000030A000023134605939DF80F30013BC3
S214494E7007995A1C13469B0013441B010B44069A78
S214494E801A609DF80F30013B07995A1C13469B0040
S214494E9013441B010B440433059A1A6000BF09B03A
S214494EA05DF804FB00402C4000B587B001900091A6
S214494EB0009B002B14BF01230023DBB21846EFF7F3
S214494EC030FC524B039300238DF8133000238DF8A2
S214494ED00B300023059319E0059BDB00009A134429
S214494EE01B78022B94BF01230023DBB21846EFF749
S214494EF018FC059BDB00009A13441A789DF813307A
S214494F0013438DF81330059B01330593059A019B8E
S214494F109A42E1D3FEF7CAF9039B1A689DF8133003
S214494F20DB431A40039B1A60002305935CE0059B0C
S214494F30DB00009A13441B788DF80B309DF80B3034
S214494F40002B4ED09DF80B30013B8DF80B30059B5E
S214494F50DB00009A13445B683F2B42D8059BDB0075
S214494F60009A13445B681F2B1FD99DF80B30039991
S214494F705A1C13469B0013441B010B4404331968FF
S214494F80059BDB00009A13445B68203B01229A404C
S214494F909DF80B30114303985A1C13469B00134443
S214494FA01B010344043319601BE09DF80B30039939
S214494FB05A1C13469B0013441B010B441968059B56
S214494FC0DB00009A13445B6801229A409DF80B3037
S214494FD0114303985A1C13469B0013441B01034470
S214494FE01960059B01330593059A019B9A429ED306
S214494FF0039B1A689DF813301A43039B1A60FEF701
S21449500081F900BF07B05DF804FB00BF00402C40A3
S21449501084B00023029300230193174B1B68039324
S214495020164B1B685A6C164B1B7BDB0013445B689C
S2144950300293124B1B685A6C114B5B7BDB00134483
S2144950405B680193029A019B9A4208D9039B43F0F5
S21449505001030393039B23F04003039303E0039B5D
S21449506023F001030393044A039B1360BFF36F8F36
S21449507000BF04B0704700BF00402640B40B402034
S214495080B80B402000B585B00190254B0393254BBE
S2144950901B689B0004AA134453F8043C1A68214B26
S2144950A01B689B0004A90B4453F8043C42F00102D8
S2144950B01A6004E0019B002B01D0019B9847194BCD
S2144950C01B689B0004AA134453F8043C5B6803F42A
S2144950D00043002BEED0134B1B689B0004AA1344D5
S2144950E053F8043C1A680F4B1B689B0004A90B44F1
S2144950F053F8043C22F001021A6000BF094B1B68B2
S2144951009B0004AA134453F8043C5B6803F4004329
S214495110002BF3D000BF00BF05B05DF804FB00BF0D
S21449512000C02E40A80B402000002940435452207E
S21449513033302D62797465206E6F6E2D616C6967A8
S2144951406E6564206D736721212100004D41432D12
S2144951504558414D504C452D4B455921AABBCCDDB0
S214495160DDCCBBAAAABBCCDDDDCCBBAA47534C558C
S2144951705F4150505F41455354535400000D000061
S21449518002370000534D522D544553542D4B455923
S2144951902D303121000029400000000002000000A7
S2144951A000000000000000000200000002000000AD
S2144951B0020000000000000000000000000000009F
S2144951C0010000000100000000000000000000008F
S2144951D01000000010000000100000001000000041
S2144951E01000000010000000100000001000000031
S2144951F01000000010000000100000001000000021
S2144952001000000010000000100000001000000010
S2144952100000000000000000000000000000000040
S2144952200000000000000000000000000000000030
S2144952300000000000000000000000000000000020
S2144952400000000000000000000000000000000010
S21449525000000000000029401D0000000200000078
S21449526000000000000000000200000002000000EC
S21449527002000000000000000000000000000000DE
S21449528001000000000000000000000000000000CF
S21449529000000000000000000000000000000000C0
S2144952A000000000000000000000000000000000B0
S2144952B000000000000000000000000000000000A0
S2144952C00000000000000000000000000000000090
S2144952D00000000000000000000000000000000080
S2144952E00000000000000000000000000000000070
S2144952F00000000000000000000000000000000060
S214495300000000000000000000000000000000004F
S21449531000000000000029401F00000002000000B5
S214495320000000000000000002000000020000002B
S214495330020000000000000000000000000000001D
S214495340010000000000000000000000000000000E
S21449535000000000000000000000000000000000FF
S21449536000000000000000000000000000000000EF
S21449537000000000000000000000000000000000DF
S21449538000000000000000000000000000000000CF
S21449539000000000000000000000000000000000BF
S2144953A000000000000000000000000000000000AF
S2144953B0000000000000000000000000000000009F
S2144953C0000000000000000000000000000000008F
S2144953D000000000000029401E00000002000000F6
S2144953E0000000000000000002000000020000006B
S2144953F0020000000000000000000000000000005D
S214495400010000000000000000000000000000004D
S214495410000000000000000000000000000000003E
S214495420000000000000000000000000000000002E
S214495430000000000000000000000000000000001E
S214495440000000000000000000000000000000000E
S21449545000000000000000000000000000000000FE
S21449546000000000000000000000000000000000EE
S21449547000000000000000000000000000000000DE
S21449548000000000000000000000000000000000CE
S21449549000000000000000000000000001000000BD
S2144954A001000001000000000200000000000000AA
S2144954B0000000000400000000000000000000009A
S2144954C0050000000024F4000100310000010C0032
S2144954D000000000060000000080000001007D007A
S2144954E00000000000000000070000000100000066
S2144954F005000000000200000000000078010100DD
S214495500000000000000000000000000000000004D
S2144955100B00000009000000110000000500000013
S21449552016000000010000002E00000001000000E7
S21449553032000000010000004B0000000600000099
S2144955404F00000001000000530000000100000069
S21449555008000000040000000000000009000000E8
S21449556002000000000000000A00000005000000DC
S214495570000000000C0000000100000000000000D0
S2144955800D00000002000000000000000E000000B0
S21449559004000000000000000F00000002000000A8
S2144955A00000000010000000040000000000000099
S2144955B01100000002000000000000001600000074
S2144955C002000000000000002E000000020000005B
S2144955D00000000032000000020000000000000049
S2144955E04F000000010000000000000053000000CA
S2144955F001000000000000000C000000010000004F
S2144956000C00000013000000010000001400000018
S214495610010000001500000001000000170000000E
S21449562001000000180000000100000019000000F9
S214495630010000001B000000010000001C000000E3
S214495640010000001D000000010000001E000000CF
S214495650010000001F0000000100000020000000BB
S21449566001000000210000000100000022000000A7
S2144956700100000023000000010000002400000093
S214495680010000002500000001000000260000007F
S214495690010000002700000001000000280000006B
S2144956A00100000029000000010000002A00000057
S2144956B0010000002B000000010000002C00000043
S2144956C0010000002D000000010000002F0000002E
S2144956D00100000030000000010000003100000019
S2144956E00100000033000000010000003400000003
S2144956F001000000350000000100000036000000EF
S21449570001000000370000000100000038000000DA
S2144957100100000039000000010000003A000000C6
S214495720010000003B000000010000003C000000B2
S214495730010000003D000000010000003E0000009E
S214495740010000003F00000001000000400000008A
S2144957500100000041000000010000004200000076
S2144957600100000043000000010000004400000062
S214495770010000004500000001000000460000004E
S214495780010000004700000001000000480000003A
S2144957900100000049000000010000004A00000026
S2144957A0010000004C000000010000004D00000010
S2144957B0010000004E0000000100000050000000FB
S2144957C001000000510000000100000052000000E6
S2144957D001000000540000000100000055000000D0
S2144957E0010000005600000001000000050000000E
S2144957F00000000000000000F40100000000000066
S2144958000024F400000000000C0000000000000026
S21449581000000000F401000000000000000E270709
S214495820000000000D00000000000000000000001D
S214495830F401000000000000008793030000000008
S214495840000000000000000001000000006CDC02BF
S214495850050000000024F4000C000000000E270795
S2144958600D000000008793030E00000080C3C901A5
S21449587000000000000000000000000003020108CC
S2144958800E0100003D0003069C544900C0544900DF
S214495890E85449001055490050554900F855490003
S2144958A00000000000000000045649000000000007
S2144958B0EC57490040584900C1000000010000006B
S2144958C02548480001000000B858490000C02E404D
S2144958D00080264000010104030301010102000083
S2144958E00000000000000101000100000001020064
S2144958F00000000000000000000301020000000054
S2144959000000000000010000000000000100000047
S2144959100000000000000000000000000001000038
S214495920000000000000000000030102040000001F
S2144959300100000000000000010000000000000017
S2144959400001000000000100000100000000000006
S21449595000000000000001000000000000000002F6
S21449596000000000000000000000000000000000E9
S21449597000030000000000000000010000000000D5
S21449598000000102000000000000000001000000C5
S21449599000000000000300000000000000000400B2
S2144959A0000000000700000500000001000000009C
S2144959B0030000000000000000061600000000007A
S2144959C00300061000000100000400071100000251
S2144959D0000000000912000003000005000713003C
S2144959E0000400000000010100060000000000005D
S2144959F00000000000000000010000000000000058
S214495A000001000000000100000001000000000A3B
S214495A10000000010200050000000000010000002F
S214495A20000B00000001000000000C00000001000F
S214495A300000000E0000000000000000000000000A
S214495A4001000000000F00000001000000001000E7
S214495A5000000100000000110000000100000000E5
S214495A6012000000010000000013000000010000C1
S214495A7000001400000001000000001500000001AD
S214495A80000000001600000001000000001700009A
S214495A900001000000001800000001000000001985
S214495AA000000001000000001A000000010000008C
S214495AB0001B00000001000000001C00000001005F
S214495AC00000001D00000001000000003200000038
S214495AD00100000000370000000100000000380007
S214495AE0000001000000003A000000020700030021
S214495AF00000000001000000004100000001000015
S214495B0000004200000001000000004300000002BF
S214495B1008000400000000000100000000440000E6
S214495B20000100000000450000000100000000469A
S214495B3000000001000000004700000001000000CE
S214495B40004B00000001000000004C00000001006E
S214495B500000004D00000001000000004E0000005B
S214495B6001000000004F0000000100000000500046
S214495B700000010000000051000000010000000084
S214495B805200000001000000005300000001000020
S214495B900000560000000100000000570000000108
S214495BA000000000580000000100000000590000F5
S214495BB00001000000005A00000001000000005BE0
S214495BC000000001000000005C0000000100000029
S214495BD0005D0000000100000000660000000100B2
S214495BE00000006900000001000000006A00000093
S214495BF004000000000000000001000000006F00E3
S214495C0000000100000000730000000100000000D1
S214495C107A000000020B00010000000000010000AD
S214495C2000007B0000000100000000800000000129
S214495C300000000082000000010F000B0000000079
S214495C4000010000000083000000010000000084FD
S214495C500000000100000000850000000000000070
S214495C6000000000000000000000000000000000E6
S214495C7000000000000000000000000000000000D6
S214495C8000000000000000000000000000000000C6
S214495C9000000000000000000000000000000000B6
S214495CA000000000000000000000000000000000A6
S214495CB00000000000000000000001000000020093
S214495CC0040000000000080009000000100016004B
S214495CD01700130000003200000002000000010017
S214495CE00000030000000000000000000000000063
S214495CF000000000000000000000000000832D4066
S214495D0040832D4000000000C0832D4000842D4074
S214495D1040842D4080842D40000000000000000093
S214495D200000000000000000C0852D400000000073
S214495D300000000000000000000000000000000015
S214495D400000000000000000000000000000000005
S214495D5000802D4000402D4000C02C4000002E40C1
S214495D6002000000000000000000000000C02B40B8
S214495D70000000000000000060C02B4080C02B409F
S214495D80A0C02B400000000005000000570000009E
S214495D90570000000C0000000D0000000F00000036
S214495DA0570000000500000001000000F401000053
S214495DB00E00000000C02B405700000057000000AE
S214495DC0F4010000570000000000000057000000E2
S214495DD057000000F40100005700000000000000D2
S214495DE00C00000005000000010000000E00000045
S214495DF060C02B400D00000001000000F4010000C7
S214495E000E00000080C02B400F000000010000007B
S214495E10F40100000E000000A0C02B40570000000F
S214495E2057000000F4010000570000000000000081
S214495E3030C12D4030C32D40000000000000000056
S214495E4010C12D4010C32D40000000000000000086
S214495E5000C12D4000C32D40000000000000000096
S214495E6000000000010000000100000001000000E1
S214495E7001000000020000000200000003000000CC
S214495E8003000000030000000300000000000000BB
S214495E9000000000000000000000000000000000B4
S214495EA0000000000000000007000000000000009D
S214495EB00000000F1800000000000000000000006D
S214495EC00000003F1800000000003F0010000000DE
S214495ED00000003F18000000000007001000000006
S214495EE00000000000000000000000000000000064
S214495EF00000000000000000000000000000000054
S214495F000000000000000000000000000000000043
S214495F100000000000000000000000000000000033
S214495F200000001F180000000000030010000000D9
S214495F300000001F180000000000030010000000C9
S214495F400000000000000000000000000000000003
S214495F5000000000000000000000000000000000F3
S214495F600000001F1800000000000100100000009B
S214495F7000000000000000000000000000000000D3
S214495F8000000000000000000000000000000000C3
S214495F9000000000000000000000000000000000B3
S214495FA00000000F1800000000000F00100000005D
S214495FB00000000F18000000000007001000000055
S214495FC00000000F1800000000000F00100000003D
S214495FD00000000F18000000000007001000000035
S214495FE00000000F18000000000007001000000025
S214495FF00000000000000000000000000000000053
S2144960000000000000000000000000000000000042
S2144960100000000F180000000000070010000000F4
S2144960200000000000000000000000000000000022
S2144960300000000000000000000000000000000012
S2144960400000000000000000000000000000000002
S21449605000000000000000000000000000000000F2
S21449606000000000000000000000000000000000E2
S21449607000000000000000000000000000000000D2
S21449608000000000000000000000000000000000C2
S21449609000000000000000000000000000000000B2
S2144960A000000000000000000000000000000000A2
S2144960B00000000000000000000000000000000092
S2144960C00000000000000000000000000000000082
S2144960D00000000000000000000000000000000072
S2144960E00000000000000000000000000000000062
S2144960F00000000000000000000000000000000052
S214496100000108000001000000010900000200002B
S2144961100000000000000000000000000000000031
S2144961200000000000000000000000000000000021
S2144961300000000000000000000000000000000011
S2144961400000000000000000000000000000000001
S214496150000101000200000001021C0000000010BE
S21449616001021D00000000200000000000000000A1
S21449617001030000010000000101000001000000C9
S21449618001010100020000000100030008000000B0
S2144961900100040010000000010005002000000076
S2144961A001000600400000000100070080000000D2
S2144961B0010008000001000001000900000200007B
S2144961C001000A000004000001000B00000800005E
S2144961D001000C000010000001000D000020000026
S2144961E001000E000040000001000F000080000082
S2144961F00000000000000000000000000000000051
S2144962000000000000000000000000000000000040
S2144962100000000000000000000000000000000030
S2144962200000000000000000000000000000000020
S2144962300000000000000000000000000000000010
S2144962400000000000000000000000000000000000
S21449625000000000000000000000000000000000F0
S21449626000000000000000000000000000000000E0
S21449627000000000000000000000000000000000D0
S21449628000000000000000000000000000000000C0
S2144962900100160000004000000000000000000059
S2144962A000000000000000000000000000000000A0
S2144962B00000000000000000000102000400000089
S2144962C00001030008000000000000000000000074
S2144962D001001700000080000000000000000000D8
S2144962E00000000000000000000000000000000060
S2144962F00000000000000000000000000000000050
S2144963000000000000000000010201000200000039
S2144963100102020004000000010203000800000018
S21449632001020400100000000102050020000000E0
S21449633001020600400000000102090000020000B8
S21449634000000000000000000000000000000000FF
S214496350000000000000000001001F00000000804F
S2144963600001060040000000000107008000000010
S2144963700102140000001000010215000000200070
S21449638001021600000040000102170000008000CC
S2144963900102180000000001010219000000000275
S2144963A0000000000000000000000000000000009F
S2144963B001020A000004000001020B000008000068
S2144963C001020C000010000001020D000020000030
S2144963D001020E000040000001020F00008000008C
S2144963E00102100000000100010211000000020035
S2144963F0000000000000000000000000000000004F
S214496400000000000000000000000000000000003E
S214496410000000000000000000000000000000002E
S214496420000000000000000000000000000000001E
S21449643001001800000000010000000000000000F4
S214496440000000000000000000010C0000100000E1
S21449645000010D00002000000000000000000000C0
S21449646000000000000000000000000000000000DE
S21449647000000000000000000101020004000000C6
S21449648000000000000000000000000000000000BE
S214496490000000000000000001010A00000400009E
S2144964A0000000000000000000000000000000009E
S2144964B0000000000000000000000000000000008E
S2144964C0000000000000000000000000000000007E
S2144964D0010308000001000001001D000000002023
S2144964E0000000000000000000000000000000005E
S2144964F0000000000000000000000000000000004E
S21449650001001C0000000010000000000000000010
S21449651001021F0000000080000100000100000089
S214496520010111000000020001010D0000200000D9
S214496530000000000000000000000000000000000D
S21449654000000000000000000000000000000000FD
S21449655000000000000000000000000000000000ED
S21449656000000000000000000000000000000000DD
S21449657000000000000000000000000000000000CD
S21449658000000000000000000000000000000000BD
S21449659000000000000000000000000000000000AD
S2144965A0000000000000000000000000000000009D
S2144965B0000000000000000000000000000000008D
S2144965C0000000000000000000000000000000007D
S2144965D0000000000000000000000000000000006D
S2144965E0000000000000000000000000000000005D
S2144965F0000000000000000000000000000000004D
S214496600000000000000000000000000000000003C
S214496610000000000000000000000000000000002C
S214496620000000000000000000000000000000001C
S214496630000000000000000000000000000000000C
S21449664000000000000000000000000000000000FC
S21449665000000000000000000000000000000000EC
S21449666000000000000000000000000000000000DC
S21449667000000000000000000000000000000000CC
S21449668000000000000000000000000000000000BC
S21449669000000000000000000000000000000000AC
S2144966A0000000000000000000000000000000009C
S2144966B0000000000000000000000000000000008C
S2144966C0000000000000000000000000000000007C
S2144966D0000000000000000000000000000000006C
S2144966E0000000000000000000000000000000005C
S2144966F0000000000000000000000000000000004C
S214496700000000000000000000000000000000003B
S214496710000000000000000000000000000000002B
S214496720000000000000000000000000000000001B
S214496730000000000000000000000000000000000B
S21449674000000000000000000000000000000000FB
S21449675000000000000000000000000000000000EB
S21449676000000000000000000000000000000000DB
S21449677000000000000000000000000000000000CB
S21449678000000000000000000000000000000000BB
S21449679000000000000000000000000000000000AB
S2144967A0000000000000000000000000000000009B
S2144967B0000000000000000000000000000000008B
S2144967C0000000000000000000000000000000007B
S2144967D0000000000000000000000000000000006B
S2144967E00000000000000000B5A54800BFA548000D
S2144967F03DA7480015A94800A1A948000DAA480088
S2144968000DAA480017AA4800ADAA48007DAB480023
S2144968107DAB48007DAB48007DAB480087AB480060
S2144968202DAC4800A1AC480055AD4800A1AD480084
S214496830E9AD480075AE480021AF48002DAF480085
S2144968402DAF480037AF480051AF48005BAF48000E
S214496850D5B1480045B248007DB248007DB24800EF
S21449686087B2480091B24800C9B24800E5B248002C
S21449687001B3480039B3480055B3480071B34800DE
S2144968807DB2480087B248006DB4480077B44800E6
S21449689083B448006DB4480059B5480077B54800F8
S2144968A08DB4480019B9480011BA480011BA4800D1
S2144968B01BBA480011BA480027BA480031BA4800FE
S2144968C0C1BA4800FDBB48009DBC480027BA4800ED
S2144968D0050000000A00000096000000C8000000FD
S2144968E00C0000003000000070000000B8000000F6
S2144968F0E9BC4800F5BC480051C4480051C44800AA
S2144969005BC448002DC54800B9C7480089C8480037
S21449691015CB4800CDCC480051C44800EDCE4800C0
S21449692000C038400000394006000000440C4020B2
S21449693098694900BC6B490000804020BC6B4900FF
S214496940C06B490000004120C06B4900C06B49003C
S21449695000000020004048000844480000000000AD
S214496960C06B4900C06B490008040020C06B490051
S214496970C06B490003000000000041200000412090
S214496980108040205096402000004020440C402073
S20C496990CC04FF7F0100000062
S21449699884B000230393002302932F4B1B685A6C39
S2144969A82E4B1B7BDB0013445B680293029B2C4AE5
S2144969B8934217D8029B2B4A934202D80123039342
S2144969C827E0029B284A934202D80223039320E0F1
S2144969D8029B264A934202D80323039319E00423C9
S2144969E8039316E0029B224A934202D8052303934F
S2144969F80FE0029B1F4A934202D80623039308E0F6
S214496A08029B1D4A934202D80723039301E00723B2
S214496A1803931A4BDB680193019B23F4F8530193BC
S214496A28039B1B0203F4F853019A13430193BFF3DC
S214496A384F8FBFF36F8F114BDB68104A23F400431F
S214496A48D3600E4A019BD360BFF34F8FBFF36F8F56
S214496A5800BF04B0704700BFB40B4020B80B4020B5
S214496A68C037F4098014EF0300E1F505406BED07DC
S214496A7800C2EB0B404CE30D80B2E60E00C02E4038
S214496A8841974800F1D4D6330200000002000000BE
S214496A98F1D4D633F1D4D633020000000200000000
S214496AA8F1D4D633F1D4D6330200000002000000F0
S214496AB8F1D4D633466C61736844656D6F4D736718
S214496AC831364200F1D4D633F1D4D633F1D4D6335D
S214496AD80200000002000000F1D4D633F1D4D633C0
S214496AE8F1D4D633F1D4D6330200000002000000B0
S214496AF8F1D4D633F1D4D6330200000048656C6C1D
S214496B086F20576F726C64000301120480000000FE
S214496B180000000000000000030012048000000086
S214496B2803008701000100000300880100010000F6
S214496B380000000000000000AABBCCDDDDCCBBAAE3
S214496B48F1D4D633F1D4D633F1D4D633F1D4D633B7
S214496B58F1D4D633F1D4D633F1D4D633F1D4D633A7
S214496B68F1D4D633F1D4D633F1D4D633F1D4D63397
S214496B78F1D4D63380969800010000000200000040
S214496B88F1D4D633F1D4D633F1D4D633F1D4D63377
S214496B98F1D4D633F1D4D633F1D4D6330200000033
S214496BA8F1D4D6330100000002000000450C40200D
S208496BB80000294022
S208496BBC0000000087
S8044844214E
